Fuel Type Code,Station Name,Street Address,Intersection Directions,City,State,ZIP Code,ZIP Plus4 Code,Station Phone,Status Code,Expected Date,Groups with Access Code,Access Days Time,Cards Accepted,BD Blends,NG Fill Type Code,NG PSI,EV Level1 EVSE Number,EV Level2 EVSE Number,EV DC Fast Number,EV Other Info,EV Network,EV Network Web,Geocode Status,Latitude,Longitude,Date Last Confirmed,ID,Updated At,Owner Type Code,Federal Agency ID,Federal Agency Name,Open Date,Hydrogen Status Link,NG Vehicle Class,LPG Primary,E85 Blender Pump,EV Connector Types,Country,Intersection Directions French,Access Days Time French,BD Blends French,Groups with Access Code French,Hydrogen Is Retail,Access Code,Access Detail Code,Federal Agency Code,Facility Type,CNG Dispenser Num,CNG On-Site Renewable Source,CNG_TotalCompressionCapacity,CNG_StorageCapacity,LNG_OnSiteRenewableSource,E85 Other Ethanol Blends,EV Pricing,EV Pricing French,LPG Nozzle Types,Hydrogen Pressures,Hydrogen Standards,CNG Fill Type Code,CNG PSI,CNG Vehicle Class,LNG_VehicleClass,EV On-Site Renewable Source,Restricted Access,L1,L2,DCFC,L2DCFC,x,y
ELEC,Passport Nissan - Alexandria,150 S Pickett St,,Alexandria,VA,22304,,703-823-9000,E,,Public - Call ahead,Dealership business hours,,,,,,3,1,,Non-Networked,,200-9,38.809675,-77.122192,"6/8/2020, 8:00 PM",39763,2021-03-11 23:22:17 UTC,P,,,"3/14/2011, 8:00 PM",,,,,CHADEMO J1772,US,,,,Public - Appeler à l'avance,,public,CALL,,CAR_DEALER,,,,,,,Free,,,,,,,,,,,0,3,1,4,-8585203.142301079,4694445.700920105
ELEC,Priority Nissan - Chantilly,14840 Stonecroft Center Ct,,Chantilly,VA,20151,,703-889-3700,E,,Public - Call ahead,Dealership business hours,,,,,,2,1,,Non-Networked,,200-9,38.899751,-77.460168,"6/8/2020, 8:00 PM",39764,2021-03-11 23:22:17 UTC,P,,,"3/14/2011, 8:00 PM",,,,,CHADEMO J1772,US,,,,Public - Appeler à l'avance,,public,CALL,,CAR_DEALER,,,,,,,Free,,,,,,,,,,,0,2,1,3,-8622826.458521424,4707321.919501297
ELEC,Sheehy Nissan - Manassas,9010 Liberia Ave,,Manassas,VA,20110,,703-361-5161,E,,Public - Call ahead,Dealership business hours,,,,,,2,1,,Non-Networked,,200-9,38.760854,-77.459274,"6/8/2020, 8:00 PM",39769,2021-03-11 23:22:17 UTC,P,,,"3/14/2011, 8:00 PM",,,,,CHADEMO J1772,US,,,,Public - Appeler à l'avance,,public,CALL,,CAR_DEALER,,,,,,,Free,,,,,,,,,,,0,2,1,3,-8622726.938896649,4687473.621927924
ELEC,Brown's Dulles Nissan,45155 Towlern Pl,,Sterling,VA,20166,,703-948-1100,E,,Public - Call ahead,Dealership business hours,,,,,,1,2,,Non-Networked,,200-9,39.010459,-77.438399,"6/8/2020, 8:00 PM",39773,2021-03-11 23:22:17 UTC,P,,,"3/14/2011, 8:00 PM",,,,,CHADEMO J1772,US,,,,Public - Appeler à l'avance,,public,CALL,,CAR_DEALER,,,,,,,Free,,,,,,,,,,,0,1,2,3,-8620403.144526346,4723169.845337518
ELEC,Bel Air Nissan,1506 Bel Air Rd,,Bel Air,MD,21014,,410-879-1133,E,,Public - Call ahead,Dealership business hours,,,,,,2,1,,Non-Networked,,GPS,39.505659,-76.382317,"6/8/2020, 8:00 PM",40018,2021-03-11 23:22:17 UTC,P,,,"3/14/2011, 8:00 PM",,,,,CHADEMO J1772 J1772COMBO,US,,,,Public - Appeler à l'avance,,public,CALL,,CAR_DEALER,,,,,,,Free,,,,,,,,,,,0,2,1,3,-8502840.634050397,4794363.895827226
ELEC,Younger Nissan,7418 Grove Rd,,Frederick,MD,21704,,301-662-0111,E,,Public - Call ahead,Dealership business hours,,,,,,1,1,,Non-Networked,,200-9,39.391175,-77.407835,"6/8/2020, 8:00 PM",40025,2021-03-11 23:22:17 UTC,P,,,"6/25/2018, 8:00 PM",,,,,CHADEMO J1772,US,,,,Public - Appeler à l'avance,,public,CALL,,CAR_DEALER,,,,,,,Free,,,,,,,,,,,0,1,1,2,-8617000.775609737,4777859.937936276
ELEC,Passport Nissan - Marlow Heights,5000 Auth Way,,Suitland,MD,20746,,,E,,Public - Call ahead,Dealership business hours; contact 301-423-8400 for more information,,,,,,1,1,,Non-Networked,,200-9,38.82681,-76.923233,"6/8/2020, 8:00 PM",40029,2021-03-11 23:22:17 UTC,P,,,"3/14/2011, 8:00 PM",,,,,CHADEMO J1772 J1772COMBO,US,,,,Public - Appeler à l'avance,,public,CALL,,CAR_DEALER,,,,,,,Free,,,,,,,,,,,0,1,1,2,-8563055.127732335,4696893.866024174
ELEC,Darcars Nissan,15911 Indianola Dr,,Rockville,MD,20855,,301-309-2200,E,,Public - Call ahead,Dealership business hours,,,,,,1,1,,Non-Networked,,200-9,39.113757,-77.161016,"6/8/2020, 8:00 PM",40030,2021-03-11 23:22:17 UTC,P,,,"3/14/2011, 8:00 PM",,,,,CHADEMO J1772,US,,,,Public - Appeler à l'avance,,public,CALL,,CAR_DEALER,,,,,,,Free,,,,,,,,,,,0,1,1,2,-8589525.010211632,4737979.410639375
ELEC,Herb Gordon Nissan,3131 Automobile Blvd,,Silver Spring,MD,20904,,301-890-8200,E,,Public - Call ahead,Dealership business hours,,,,,,1,1,,Non-Networked,,200-9,39.077447,-76.947933,"6/8/2020, 8:00 PM",40033,2021-03-11 23:22:17 UTC,P,,,"3/14/2011, 8:00 PM",,,,,CHADEMO J1772,US,,,,Public - Appeler à l'avance,,public,CALL,,CAR_DEALER,,,,,,,Free,,,,,,,,,,,0,1,1,2,-8565804.719154928,4732771.27010224
ELEC,John Howard Nissan,1733 Mileground Rd,,Morgantown,WV,26505,,,E,,Public - Call ahead,Dealership business hours; contact 304-292-0171 for more information,,,,,,1,1,,Non-Networked,,GPS,39.644868,-79.9276,"6/8/2020, 8:00 PM",45657,2021-03-11 23:22:17 UTC,P,,,"1/30/2012, 7:00 PM",,,,,CHADEMO J1772,US,,,,Public - Appeler à l'avance,,public,CALL,,CAR_DEALER,,,,,,,Free,,,,,,,,,,,0,1,1,2,-8897499.73232845,4814468.874902785
ELEC,Pohanka Nissan of Fredericksburg,5200 Jefferson Davis Hwy,,Fredericksburg,VA,22408,,540-898-5200,E,,Public - Call ahead,Dealership business hours,,,,,,1,1,,Non-Networked,,GPS,38.255149,-77.496844,"2/14/2021, 7:00 PM",47557,2021-03-11 23:22:17 UTC,P,,,"1/30/2012, 7:00 PM",,,,,CHADEMO J1772,US,,,,Public - Appeler à l'avance,,public,CALL,,CAR_DEALER,,,,,,,Free,,,,,,,,,,,0,1,1,2,-8626909.21216576,4615532.7771048695
ELEC,Leckner Nissan,1 Coachman Cir,,Stafford,VA,22554,,540-628-2500,E,,Public - Call ahead,Dealership business hours,,,,,,2,1,,Non-Networked,,200-9,38.468791,-77.400162,"6/8/2020, 8:00 PM",47573,2021-03-11 23:22:17 UTC,P,,,"1/30/2012, 7:00 PM",,,,,CHADEMO J1772,US,,,,Public - Appeler à l'avance,,public,CALL,,CAR_DEALER,,,,,,,Free,,,,,,,,,,,0,2,1,3,-8616146.621156884,4645863.577677406
ELEC,Cowles Nissan,14777 Jefferson Davis Hwy,,Woodbridge,VA,22191,,,E,,Public - Call ahead,Dealership business hours; contact 703-497-3000 for more information,,,,,,3,1,,Non-Networked,,GPS,38.62956,-77.274272,"6/8/2020, 8:00 PM",47579,2021-03-11 23:22:17 UTC,P,,,"1/30/2012, 7:00 PM",,,,,CHADEMO J1772,US,,,,Public - Appeler à l'avance,,public,CALL,,CAR_DEALER,,,,,,,Free,,,,,,,,,,,0,3,1,4,-8602132.610460913,4668747.276849732
ELEC,Nissan of Bowie,2200 Crain Hwy,,Bowie,MD,20716,,301-867-6150,E,,Public - Call ahead,Dealership business hours,,,,,,1,1,,Non-Networked,,200-9,38.919138,-76.718428,"6/8/2020, 8:00 PM",47688,2021-03-11 23:22:17 UTC,P,,,"1/30/2012, 7:00 PM",,,,,CHADEMO J1772,US,,,,Public - Appeler à l'avance,,public,CALL,,CAR_DEALER,,,,,,,Free,,,,,,,,,,,0,1,1,2,-8540256.339420417,4710095.394748621
ELEC,Leckner Nissan - Ellicott City,8569 Baltimore National Pike,,Ellicott City,MD,21043,,,E,,Public - Call ahead,Dealership business hours; contact 410-465-5550 for more information,,,,,,1,1,,Non-Networked,,GPS,39.282746,-76.808584,"6/8/2020, 8:00 PM",47694,2021-03-11 23:22:17 UTC,P,,,"1/30/2012, 7:00 PM",,,,,CHADEMO J1772 J1772COMBO,US,,,,Public - Appeler à l'avance,,public,CALL,,CAR_DEALER,,,,,,,Free,,,,,,,,,,,0,1,1,2,-8550292.45943238,4762253.816617839
ELEC,Sheehy Nissan,7232 Ritchie Hwy,,Glen Burnie,MD,21061,,410-760-3500,E,,Public - Call ahead,Dealership business hours,,,,,,1,1,,Non-Networked,,GPS,39.172584,-76.619758,"6/8/2020, 8:00 PM",47696,2021-03-11 23:22:17 UTC,P,,,"1/30/2012, 7:00 PM",,,,,CHADEMO J1772,US,,,,Public - Appeler à l'avance,,public,CALL,,CAR_DEALER,,,,,,,Free,,,,,,,,,,,0,1,1,2,-8529272.445263848,4746422.986290298
ELEC,Hamilton Nissan,1929 Dual Hwy,,Hagerstown,MD,21740,,301-733-7222,E,,Public - Call ahead,Dealership business hours,,,,,,2,1,,Non-Networked,,200-9,39.605636,-77.687979,"6/8/2020, 8:00 PM",47698,2021-03-11 23:22:17 UTC,P,,,"1/30/2012, 7:00 PM",,,,,CHADEMO J1772,US,,,,Public - Appeler à l'avance,,public,CALL,,CAR_DEALER,,,,,,,Free,,,,,,,,,,,0,2,1,3,-8648186.26303853,4808798.784425497
ELEC,Nationwide Nissan,2085 York Rd,,Timonium,MD,21093,,,E,,Public - Call ahead,Dealership business hours; contact 410-548-4700 for more information,,,,,,1,1,,Non-Networked,,GPS,39.440675,-76.625866,"6/8/2020, 8:00 PM",47709,2021-03-11 23:22:17 UTC,P,,,"1/30/2012, 7:00 PM",,,,,CHADEMO J1772 J1772COMBO,US,,,,Public - Appeler à l'avance,,public,CALL,,CAR_DEALER,,,,,,,Free,,,,,,,,,,,0,1,1,2,-8529952.384713612,4784992.504608333
ELEC,Sheehy Nissan - Waldorf,2950 Crain Hwy,,Waldorf,MD,20601,,301-843-5300,E,,Public - Call ahead,Dealership business hours,,,,,,2,1,,Non-Networked,,200-9,38.630057,-76.9056,"6/8/2020, 8:00 PM",47711,2021-03-11 23:22:17 UTC,P,,,"1/30/2012, 7:00 PM",,,,,CHADEMO J1772,US,,,,Public - Appeler à l'avance,,public,CALL,,CAR_DEALER,,,,,,,Free,,,,,,,,,,,0,2,1,3,-8561092.23115118,4668818.098771326
ELEC,Pohanka Nissan - Salisbury,2012 N Salisbury Blvd,,Salisbury,MD,21801,,410-548-4700,E,,Public - Call ahead,Dealership business hours,,,,,,1,2,,Non-Networked,,GPS,38.392257,-75.575718,"2/14/2021, 7:00 PM",60901,2021-03-11 23:22:17 UTC,P,,,"12/31/2011, 7:00 PM",,,,,CHADEMO J1772 J1772COMBO,US,,,,Public - Appeler à l'avance,,public,CALL,,CAR_DEALER,,,,,,,Free,,,,,,,,,,,0,1,2,3,-8413050.444096036,4634987.734034218
ELEC,Mount Airy Municipal Parking Lot,255-299 Cross St,Park Ave & Cross St,Mt. Airy,MD,21771,,301-829-1424,E,,Public,24 hours daily,,,,,,4,4,,Non-Networked,,GPS,39.375442,-77.154666,"10/11/2021, 8:00 PM",67759,2021-10-12 12:58:36 UTC,LG,,,"3/31/2015, 8:00 PM",,,,,CHADEMO J1772 J1772COMBO TESLA,US,,,,Public,,public,,,PARKING_LOT,,,,,,,Variable fee,,,,,,,,,,,0,4,4,8,-8588818.131445095,4775593.9944097325
ELEC,ROYAL FARMS RFS 204 DC #1,6210 Allentown Rd,,Temple Hills,MD,20748,,888-758-4389,E,,Public,24 hours daily,,,,,,,1,,ChargePoint Network,http://www.chargepoint.com/,GPS,38.804204,-76.906123,"12/9/2021, 7:00 PM",67825,2021-12-10 00:30:15 UTC,,,,"6/15/2015, 8:00 PM",,,,,CHADEMO J1772COMBO,US,,,,Public,,public,,,,,,,,,,,,,,,,,,,,,0,0,1,1,-8561150.451244866,4693664.155198015
ELEC,ROYAL FARMS RFS 191 DC #1,11119  McCormick Rd,,Cockeysville,MD,21031,,888-758-4389,E,,Public,24 hours daily,,,,,,,1,,ChargePoint Network,http://www.chargepoint.com/,GPS,39.489302,-76.657281,"12/9/2021, 7:00 PM",71274,2021-12-10 00:30:15 UTC,,,,"11/20/2015, 7:00 PM",,,,,CHADEMO J1772COMBO,US,,,,Public,,public,,,,,,,,,,,,,,,,,,,,,0,0,1,1,-8533449.486516887,4792004.216049381
ELEC,ROYAL FARMS RFS 062 DC #1,1818 Baltimore Blvd,,Finksburg,MD,21048,,888-758-4389,E,,Public,24 hours daily,,,,,,,1,,ChargePoint Network,http://www.chargepoint.com/,GPS,39.539507,-76.930296,"12/9/2021, 7:00 PM",71275,2021-12-10 00:30:15 UTC,,,,"11/20/2015, 7:00 PM",,,,,CHADEMO J1772COMBO,US,,,,Public,,public,,,,,,,,,,,,,,,,,,,,,0,0,1,1,-8563841.377295813,4799248.612137295
ELEC,ROYAL FARMS RFS 133 DC #1,930 Cromwell Park Dr,,Glen Burnie,MD,21061,,888-758-4389,E,,Public,24 hours daily,,,,,,,1,,ChargePoint Network,http://www.chargepoint.com/,GPS,39.169884,-76.645214,"12/9/2021, 7:00 PM",71283,2021-12-10 00:30:15 UTC,,,,"11/23/2015, 7:00 PM",,,,,CHADEMO J1772COMBO,US,,,,Public,,public,,,,,,,,,,,,,,,,,,,,,0,0,1,1,-8532106.194221482,4746035.294467144
ELEC,ROYAL FARMS RFS 131 DC #1,2703 Ocean Gateway,,Cambridge,MD,21613,,888-758-4389,E,,Public,24 hours daily,,,,,,,1,,ChargePoint Network,http://www.chargepoint.com/,GPS,38.557741,-76.059804,"12/9/2021, 7:00 PM",71377,2021-12-10 00:30:15 UTC,,,,"11/25/2015, 7:00 PM",,,,,CHADEMO J1772COMBO,US,,,,Public,,public,,,,,,,,,,,,,,,,,,,,,0,0,1,1,-8466938.651116192,4658518.308039799
ELEC,SHERATON DC FAST CHARGE,4095 Powder Mill Rd,,Beltsville,MD,20705,,888-758-4389,E,,Public,24 hours daily,,,,,,,1,,ChargePoint Network,http://www.chargepoint.com/,GPS,39.047672,-76.934914,"12/9/2021, 7:00 PM",71923,2021-12-10 00:30:15 UTC,,,,"12/17/2015, 7:00 PM",,,,,J1772COMBO,US,,,,Public,,public,,,,,,,,,,,,,,,,,,,,,0,0,1,1,-8564355.450704288,4728502.479805447
ELEC,ROYAL FARMS RFS 127 DC #1,7937 White Lowe Rd,,Salisbury,MD,21801,,888-758-4389,E,,Public,24 hours daily,,,,,,,1,,ChargePoint Network,http://www.chargepoint.com/,GPS,38.410487,-75.641899,"12/9/2021, 7:00 PM",71946,2021-12-10 00:30:15 UTC,,,,"12/18/2015, 7:00 PM",,,,,CHADEMO J1772COMBO,US,,,,Public,,public,,,,,,,,,,,,,,,,,,,,,0,0,1,1,-8420417.679316225,4637577.257826388
ELEC,ROYAL FARMS RFS 112 DC #1,3505 S Washington Blvd,,Arbutus,MD,21227,,888-758-4389,E,,Public,24 hours daily,,,,,,,1,,ChargePoint Network,http://www.chargepoint.com/,GPS,39.25273,-76.667716,"12/9/2021, 7:00 PM",72089,2021-12-10 00:30:15 UTC,,,,"12/23/2015, 7:00 PM",,,,,CHADEMO J1772COMBO,US,,,,Public,,public,,,,,,,,,,,,,,,,,,,,,0,0,1,1,-8534611.105403313,4757937.903367743
ELEC,ROYAL FARMS RFS 001 DC #1,2620 Mountain Rd,,Joppa,MD,21085,,888-758-4389,E,,Public,24 hours daily,,,,,,,1,,ChargePoint Network,http://www.chargepoint.com/,GPS,39.450797,-76.354862,"12/9/2021, 7:00 PM",72574,2021-12-10 00:30:15 UTC,,,,"1/16/2016, 7:00 PM",,,,,CHADEMO J1772COMBO,US,,,,Public,,public,,,,,,,,,,,,,,,,,,,,,0,0,1,1,-8499784.35743067,4786451.630472548
ELEC,ROYAL FARMS RFS 217 DC #1,9180 Fingerboard Rd,,Frederick,MD,21704,,888-758-4389,E,,Public,24 hours daily,,,,,,,1,,ChargePoint Network,http://www.chargepoint.com/,GPS,39.328358,-77.343484,"12/9/2021, 7:00 PM",72634,2021-12-10 00:30:15 UTC,,,,"1/21/2016, 7:00 PM",,,,,CHADEMO J1772COMBO,US,,,,Public,,public,,,,,,,,,,,,,,,,,,,,,0,0,1,1,-8609837.255057698,4768815.775570527
ELEC,Baltimore City,400 E Lexington St,,Baltimore,MD,21202,,410-396-1221,E,,Public,24 hours daily,,,,,,,1,,Non-Networked,,GPS,39.291205,-76.609313,"10/11/2021, 8:00 PM",73514,2021-10-12 12:58:36 UTC,LG,,,"2/15/2016, 7:00 PM",,,,,CHADEMO J1772COMBO,US,,,,Public,,public,,,PARKING_LOT,,,,,,,Free,,,,,,,,,,,0,0,1,1,-8528109.713182509,4763470.44560194
ELEC,BMW BALTIMORE DC FAST 1,2700 BROENING HWY,,Baltimore,MD,21222,,888-758-4389,E,,Public,24 hours daily,,,,,,,1,,ChargePoint Network,http://www.chargepoint.com/,GPS,39.252902,-76.533407,"12/9/2021, 7:00 PM",74045,2021-12-10 00:30:15 UTC,,,,"3/4/2016, 7:00 PM",,,,,J1772COMBO,US,,,,Public,,public,,,,,,,,,,,,,,,,,,,,,0,0,1,1,-8519659.895914357,4757962.629482456
ELEC,ROYAL FARMS RFS 136 DC #1,115 N Bohemia Ave.,,Cecilton,MD,21913,,888-758-4389,E,,Public,24 hours daily,,,,,,,1,,ChargePoint Network,http://www.chargepoint.com/,GPS,39.404536,-75.868437,"12/9/2021, 7:00 PM",74076,2021-12-10 00:30:15 UTC,,,,"3/7/2016, 7:00 PM",,,,,CHADEMO J1772COMBO,US,,,,Public,,public,,,,,,,,,,,,,,,,,,,,,0,0,1,1,-8445635.774121558,4779784.655653745
ELEC,ROYAL FARMS RFS 076 DC #1,3901 Ten Oaks Rd,,Glenelg,MD,21737,,888-758-4389,E,,Public,24 hours daily,,,,,,,1,,ChargePoint Network,http://www.chargepoint.com/,GPS,39.264289,-76.985668,"12/9/2021, 7:00 PM",74222,2021-12-10 00:30:15 UTC,,,,"3/15/2016, 8:00 PM",,,,,CHADEMO J1772COMBO,US,,,,Public,,public,,,,,,,,,,,,,,,,,,,,,0,0,1,1,-8570005.360140013,4759599.719478466
ELEC,Conservatory and Botanic Gardens,3100 Swann Dr,,Baltimore,MD,21217,,410-685-1109,E,,Public,24 hours daily,,,,,,,1,,Non-Networked,,GPS,39.318709,-76.647197,"11/8/2020, 7:00 PM",74345,2021-03-11 23:22:17 UTC,P,,,"3/21/2016, 8:00 PM",,,,,CHADEMO J1772COMBO,US,,,,Public,,public,,,PARK,,,,,,,Free,,,,,,,,,,,0,0,1,1,-8532326.940771723,4767427.26787708
ELEC,Patterson Park,200 S Linwood Ave,,Baltimore,MD,21224,,410-685-1109,E,,Public,24 hours daily,,,,,,,1,,Non-Networked,,GPS,39.288621,-76.576047,"11/8/2020, 7:00 PM",74346,2021-03-11 23:22:17 UTC,P,,,"3/13/2016, 8:00 PM",,,,,CHADEMO J1772COMBO,US,,,,Public,,public,,,PARK,,,,,,,Free,,,,,,,,,,,0,0,1,1,-8524406.559001783,4763098.782147616
ELEC,ROYAL FARMS RFS 096 DC #1,500 Mechanics Valley Rd,,North East,MD,21901,,888-758-4389,E,,Public,24 hours daily,,,,,,,1,,ChargePoint Network,http://www.chargepoint.com/,GPS,39.611518,-75.931905,"12/9/2021, 7:00 PM",74728,2021-12-10 00:30:15 UTC,,,,"4/6/2016, 8:00 PM",,,,,CHADEMO J1772COMBO,US,,,,Public,,public,,,,,,,,,,,,,,,,,,,,,0,0,1,1,-8452700.999563223,4809648.688508496
ELEC,ROYAL FARMS RFS 102 DC #2,10740 Pulaski Hwy,,White Marsh,MD,21162,,888-758-4389,E,,Public,24 hours daily,,,,,,,1,,ChargePoint Network,http://www.chargepoint.com/,GPS,39.380418,-76.428516,"12/9/2021, 7:00 PM",75294,2021-12-10 00:30:15 UTC,,,,"4/20/2016, 8:00 PM",,,,,CHADEMO J1772COMBO,US,,,,Public,,public,,,,,,,,,,,,,,,,,,,,,0,0,1,1,-8507983.483205557,4776310.6070157215
ELEC,Jack Evans Chevrolet,125 S Royal Ave,,Front Royal,VA,22630,,540-551-4713,E,,Public,24 hours daily,,,,,,1,1,,Non-Networked,,200-9,38.916118,-78.193932,"1/13/2021, 7:00 PM",75623,2021-03-11 23:22:17 UTC,P,,,"4/30/2016, 8:00 PM",,,,,J1772 J1772COMBO,US,,,,Public,,public,,,CAR_DEALER,,,,,,,Free,,,,,,,,,,,0,1,1,2,-8704508.693363855,4709663.308247939
ELEC,City of Takoma Park - Community Center,7500 Maple Ave,,Takoma Park,MD,20912,,301-891-7100,E,,Public,24 hours daily,,,,,,4,1,,Non-Networked,,GPS,38.981991,-77.010571,"11/8/2020, 7:00 PM",77183,2021-03-11 23:22:17 UTC,LG,,,"4/28/2016, 8:00 PM",,,,,CHADEMO J1772 J1772COMBO,US,,,,Public,,public,,,MUNI_GOV,,,,,,,Free,,,,,,,,,,,0,4,1,5,-8572777.549419243,4719092.2660505995
ELEC,M&T Bank Stadium,1101 Russell St,Located in Lot B and Lot C,Baltimore,MD,21230,,410-685-1109,E,,Public,Parking lot hours,,,,,,2,1,,Non-Networked,,GPS,39.279829,-76.622383,"9/9/2021, 8:00 PM",77207,2021-09-10 19:40:26 UTC,P,,,"7/14/2016, 8:00 PM",,,,,CHADEMO J1772 J1772COMBO,US,,,,Public,,public,,,ARENA,,,,,,,Parking fee,,,,,,,,,,,0,2,1,3,-8529564.658927174,4761834.308573395
ELEC,ROYAL FARMS RFS 169 DC #1,6201 Pulaski Highway,,Baltimore,MD,21205,,888-758-4389,E,,Public,24 hours daily,,,,,,,1,,ChargePoint Network,http://www.chargepoint.com/,GPS,39.301926,-76.543816,"12/9/2021, 7:00 PM",78139,2021-12-10 00:30:15 UTC,,,,"8/25/2016, 8:00 PM",,,,,CHADEMO J1772COMBO,US,,,,Public,,public,,,,,,,,,,,,,,,,,,,,,0,0,1,1,-8520818.620494025,4765012.621493399
ELEC,Hamilton Library,5910 Harford Rd,,Baltimore,MD,21214,,410-685-1109,E,,Public,Parking lot hours,,,,,,4,1,,Non-Networked,,GPS,39.356533,-76.558482,"11/8/2020, 7:00 PM",79819,2021-03-11 23:22:17 UTC,LG,,,"11/14/2016, 7:00 PM",,,,,CHADEMO J1772 J1772COMBO,US,,,,Public,,public,,,LIBRARY,,,,,,,Free,,,,,,,,,,,0,4,1,5,-8522451.232145993,4772871.303407297
ELEC,Orleans Street Library,1303 Orleans St,,Baltimore,MD,21231,,410-685-1109,E,,Public,Parking lot hours,,,,,,,1,,Non-Networked,,GPS,39.29447,-76.599243,"11/8/2020, 7:00 PM",79820,2021-03-11 23:22:17 UTC,LG,,,"6/30/2016, 8:00 PM",,,,,CHADEMO J1772COMBO,US,,,,Public,,public,,,LIBRARY,,,,,,,Free,,,,,,,,,,,0,0,1,1,-8526988.72591022,4763940.078674778
ELEC,Reisterstown Road Library,6310 Reisterstown Rd,,Baltimore,MD,21215,,410-685-1109,E,,Public,Parking lot hours,,,,,,2,1,,Non-Networked,,GPS,39.354424,-76.700634,"11/8/2020, 7:00 PM",79821,2021-03-11 23:22:17 UTC,LG,,,"9/30/2016, 8:00 PM",,,,,CHADEMO J1772 J1772COMBO,US,,,,Public,,public,,,LIBRARY,,,,,,,Free,,,,,,,,,,,0,2,1,3,-8538275.520401241,4772567.675958827
ELEC,Light Street Library,1251 Light St,,Baltimore,MD,21230,,410-685-1109,E,,Public,Parking lot hours,,,,,,,1,,Non-Networked,,GPS,39.275068,-76.611912,"11/8/2020, 7:00 PM",79822,2021-03-11 23:22:17 UTC,LG,,,"9/30/2016, 8:00 PM",,,,,CHADEMO J1772COMBO,US,,,,Public,,public,,,LIBRARY,,,,,,,Free,,,,,,,,,,,0,0,1,1,-8528399.032539085,4761149.643386513
ELEC,MOM's Organic Market,14470 Smoketown Rd,,Woodbridge,VA,22193,,571-398-3043,E,,Public,"9am-9pm M-Sat, 9am-8pm Sun",,,,,,,1,,Non-Networked,,GPS,38.638399,-77.299496,"4/7/2020, 8:00 PM",79866,2021-03-11 23:22:17 UTC,P,,,"9/4/2015, 8:00 PM",,,,,CHADEMO,US,,,,Public,,public,,,GROCERY,,,,,,,Free,,,,,,,,,,,0,0,1,1,-8604940.533296688,4670006.897348106
ELEC,Roland Park Library,5108 Roland Ave,,Baltimore,MD,21210,,410-685-1109,E,,Public,24 hours daily,,,,,,,1,,Non-Networked,,GPS,39.355737,-76.635104,"11/8/2020, 7:00 PM",79944,2021-03-11 23:22:17 UTC,P,,,"11/17/2016, 7:00 PM",,,,,CHADEMO J1772COMBO,US,,,,Public,,public,,,LIBRARY,,,,,,,Free,,,,,,,,,,,0,0,1,1,-8530980.754169561,4772756.7042038515
ELEC,ROYAL FARMS RFS 148 DC #1,1114 MD-3,,Gambrills,MD,21054,,888-758-4389,E,,Public,24 hours daily,,,,,,,1,,ChargePoint Network,http://www.chargepoint.com/,GPS,39.023896,-76.69231,"12/9/2021, 7:00 PM",80424,2021-12-10 00:30:15 UTC,,,,"12/23/2016, 7:00 PM",,,,,CHADEMO J1772COMBO,US,,,,Public,,public,,,,,,,,,,,,,,,,,,,,,0,0,1,1,-8537348.89695988,4725095.047783837
ELEC,Herring Run Library Branch,3801 Erdman Ave,,Baltimore,MD,21213,,410-685-1109,E,,Public,24 hours daily,,,,,,,1,,Non-Networked,,GPS,39.315122,-76.569243,"11/8/2020, 7:00 PM",81373,2021-03-11 23:22:17 UTC,LG,,,"2/5/2017, 7:00 PM",,,,,CHADEMO J1772COMBO,US,,,,Public,,public,,,LIBRARY,,,,,,,Free,,,,,,,,,,,0,0,1,1,-8523649.141186422,4766911.14124205
ELEC,Canton Waterfront Park,3001 Boston St,,Baltimore,MD,21224,,410-685-1109,E,,Public,24 hours daily,,,,,,2,1,,Non-Networked,,GPS,39.277178,-76.572417,"11/8/2020, 7:00 PM",82161,2021-03-11 23:22:17 UTC,P,,,"3/7/2017, 7:00 PM",,,,,CHADEMO J1772 J1772COMBO,US,,,,Public,,public,,,PARK,,,,,,,Free,,,,,,,,,,,0,2,1,3,-8524002.469250198,4761453.070442125
ELEC,Gwynns Falls Park,4999 Windsor Mill Rd,,Baltimore,MD,21207,,410-685-1109,E,,Public,24 hours daily,,,,,,,1,,Non-Networked,,GPS,39.309277,-76.70115,"11/8/2020, 7:00 PM",82162,2021-03-11 23:22:17 UTC,P,,,"3/8/2017, 7:00 PM",,,,,CHADEMO J1772COMBO,US,,,,Public,,public,,,PARK,,,,,,,Free,,,,,,,,,,,0,0,1,1,-8538332.961258493,4766070.171951041
ELEC,City of Baltimore - Garage,101 W Dickman St,,Baltimore,MD,21230,,410-685-1109,E,,Public,Garage business hours,,,,,,,1,,Non-Networked,,GPS,39.262573,-76.616256,"11/8/2020, 7:00 PM",82220,2021-03-11 23:22:17 UTC,LG,,,"3/30/2017, 8:00 PM",,,,,CHADEMO J1772COMBO,US,,,,Public,,public,,,PARKING_GARAGE,,,,,,,Free,,,,,,,,,,,0,0,1,1,-8528882.604407093,4759352.996003121
ELEC,Roosevelt Center - Municipal Building,25 Crescent Rd,,Greenbelt,MD,20770,,410-685-1109,E,,Public,24 hours daily,,,,,,,2,,Non-Networked,,GPS,39.000738,-76.877355,"11/8/2020, 7:00 PM",86712,2021-03-11 23:22:17 UTC,LG,,,"8/8/2017, 8:00 PM",,,,,CHADEMO J1772COMBO,US,,,,Public,,public,,,MUNI_GOV,,,,,,,Free,,,,,,,,,,,0,0,2,2,-8557948.012133721,4721777.28529913
ELEC,Chesapeake House Travel Plaza,10670 I-95,Mile marker 97,Port Deposit,MD,21904,,410-685-1109,E,,Public,24 hours daily,,,,,,1,6,,Non-Networked,,GPS,39.612124,-76.009519,"11/8/2020, 7:00 PM",88615,2021-03-11 23:22:17 UTC,P,,,"10/31/2017, 8:00 PM",,,,,CHADEMO J1772 J1772COMBO,US,,,,Public,,public,,,TRAVEL_CENTER,,,,,,,Free,,,,,,,,,,,0,1,6,7,-8461340.950521648,4809736.254983693
ELEC,Carroll Avenue Street Parking,7000 Carroll Ave,,Takoma Park,MD,20912,,410-685-1109,E,,Public,24 hours daily,,,,,,,1,,Non-Networked,,GPS,38.974757,-77.012702,"11/8/2020, 7:00 PM",88617,2021-03-11 23:22:17 UTC,P,,,"11/14/2017, 7:00 PM",,,,,CHADEMO J1772COMBO,US,,,,Public,,public,,,STREET_PARKING,,,,,,,Free,,,,,,,,,,,0,0,1,1,-8573014.77125412,4718056.374164648
ELEC,Downtown Takoma Park,7224 Carroll Ave,,Takoma Park,MD,20912,,410-685-1109,E,,Public,24 hours daily,,,,,,2,8,,Non-Networked,,GPS,38.978147,-77.006623,"5/5/2021, 8:00 PM",89741,2021-05-06 13:19:19 UTC,P,,,"11/30/2017, 7:00 PM",,,,,CHADEMO J1772 J1772COMBO,US,,,,Public,,public,,,STREET_PARKING,,,,,,,Free,,,,,,,,,,,0,2,8,10,-8572338.060069585,4718541.801061913
ELEC,Maryland House Travel Plaza,"I-95, Mile Marker 82",,Aberdeen,MD,21001,,410-685-1109,E,,Public,24 hours daily,,,,,,1,6,,Non-Networked,,GPS,39.498059,-76.231826,"11/8/2020, 7:00 PM",104138,2021-03-11 23:22:17 UTC,P,,,"9/30/2018, 8:00 PM",,,,,CHADEMO J1772 J1772COMBO,US,,,,Public,,public,,,TRAVEL_CENTER,,,,,,,Free,,,,,,,,,,,0,1,6,7,-8486088.052561432,4793267.441957377
ELEC,DC CORRIDOR BOX HILL DC 2,3491 Merchant Boulevard,,Abingdon,MD,21009,,888-758-4389,E,,Public,24 hours daily,,,,,,,1,,ChargePoint Network,http://www.chargepoint.com/,GPS,39.468019,-76.307435,"12/9/2021, 7:00 PM",104220,2021-12-10 00:30:15 UTC,,,,"10/18/2018, 8:00 PM",,,,,CHADEMO J1772COMBO,US,,,,Public,,public,,,,,,,,,,,,,,,,,,,,,0,0,1,1,-8494504.807940813,4788934.736669853
ELEC,Vienna Food Mart,307 Old Ocean Gateway,,Vienna,MD,21869,,410-685-1109,E,,Public,24 hours daily,,,,,,,2,,Non-Networked,,200-8,38.486172,-75.825191,"11/8/2020, 7:00 PM",105191,2021-03-11 23:22:17 UTC,P,,,"11/30/2018, 7:00 PM",,,,,CHADEMO J1772COMBO,US,,,,Public,,public,,,GROCERY,,,,,,,Free,,,,,,,,,,,0,0,2,2,-8440821.651422711,4648335.107688233
ELEC,DC CORRIDOR CABIN JOHN DC4,11355 Seven Locks Rd,,Potomac,MD,20854,,888-758-4389,E,,Public,24 hours daily,,,,,,,1,,ChargePoint Network,http://www.chargepoint.com/,GPS,39.042712,-77.157512,"12/9/2021, 7:00 PM",105466,2021-12-10 00:30:15 UTC,,,,"12/21/2018, 7:00 PM",,,,,CHADEMO J1772COMBO,US,,,,Public,,public,,,,,,,,,,,,,,,,,,,,,0,0,1,1,-8589134.946715893,4727791.54805854
ELEC,Hagerstown - Central Parking Lot,14 N Potomac St,,Hagerstown,MD,21740,,410-685-1109,E,,Public,24 hours daily,,,,,,,8,,Non-Networked,,200-9,39.642218,-77.719215,"11/8/2020, 7:00 PM",105479,2021-03-11 23:22:17 UTC,P,,,"11/30/2018, 7:00 PM",,,,,CHADEMO J1772COMBO,US,,,,Public,,public,,,PARKING_LOT,,,,,,,Free,,,,,,,,,,,0,0,8,8,-8651663.438652948,4814085.776597835
ELEC,DC CORRIDOR HAGERSTOWN #1,17513 Valley Mall Rd,,Hagerstown,MD,21740,,888-758-4389,E,,Public,24 hours daily,,,,,,,1,,ChargePoint Network,http://www.chargepoint.com/,GPS,39.6262,-77.769078,"12/9/2021, 7:00 PM",117309,2021-12-10 00:30:15 UTC,,,,"1/23/2019, 7:00 PM",,,,,CHADEMO J1772COMBO,US,,,,Public,,public,,,,,,,,,,,,,,,,,,,,,0,0,1,1,-8657214.16242237,4811770.440524191
ELEC,JLR ANNAPOLIS DC FAST 01,101 Ferguson Rd,,Annapolis,MD,21409,,888-758-4389,E,,Public,24 hours daily,,,,,,,1,,ChargePoint Network,http://www.chargepoint.com/,GPS,39.017882,-76.482173,"12/9/2021, 7:00 PM",120990,2021-12-10 00:30:15 UTC,,,,"3/26/2019, 8:00 PM",,,,,J1772COMBO,US,,,,Public,,public,,,,,,,,,,,,,,,,,,,,,0,0,1,1,-8513956.55312305,4724233.339423537
ELEC,H-D BALTIMORE DCFAST HOG,8845 Pulaski Hwy,,Rosedale,MD,21237,,888-758-4389,E,,Public,24 hours daily,,,,,,,1,,ChargePoint Network,http://www.chargepoint.com/,GPS,39.340466,-76.47077,"12/9/2021, 7:00 PM",143222,2021-12-10 00:30:15 UTC,,,,"8/14/2019, 8:00 PM",,,,,J1772COMBO,US,,,,Public,,public,,,,,,,,,,,,,,,,,,,,,0,0,1,1,-8512687.176969538,4770558.408664726
ELEC,MDTA BALT HARB TUN 2,1516 Frankfurst Ave,,Baltimore,MD,21226,,888-758-4389,E,,Public,24 hours daily,,,,,,,1,,ChargePoint Network,http://www.chargepoint.com/,GPS,39.24049,-76.587975,"12/9/2021, 7:00 PM",143480,2021-12-10 00:30:15 UTC,,,,"8/14/2019, 8:00 PM",,,,,CHADEMO J1772COMBO,US,,,,Public,,public,,,,,,,,,,,,,,,,,,,,,0,0,1,1,-8525734.377887964,4756178.479744583
ELEC,MDTA BALT HARB TUN 1,1200 Frankfurst Ave,,Baltimore,MD,21226,,888-758-4389,E,,Public,24 hours daily,,,,,,,1,,ChargePoint Network,http://www.chargepoint.com/,GPS,39.240517,-76.58784,"12/9/2021, 7:00 PM",143481,2021-12-10 00:30:15 UTC,,,,"8/14/2019, 8:00 PM",,,,,CHADEMO J1772COMBO,US,,,,Public,,public,,,,,,,,,,,,,,,,,,,,,0,0,1,1,-8525719.349756708,4756182.360488214
ELEC,MDTA BALT HARB TUN 5,1150 Frankfurst Ave,,Baltimore,MD,21226,,888-758-4389,E,,Public,24 hours daily,,,,,,,1,,ChargePoint Network,http://www.chargepoint.com/,GPS,39.240486,-76.588165,"12/9/2021, 7:00 PM",143482,2021-12-10 00:30:15 UTC,,,,"8/14/2019, 8:00 PM",,,,,CHADEMO J1772COMBO,US,,,,Public,,public,,,,,,,,,,,,,,,,,,,,,0,0,1,1,-8525755.528591214,4756177.904819712
ELEC,ALL AMERICAN HD DCFAST HOG,8126 Old Leonardtown Rd,,Hughesville,MD,20637,,888-758-4389,E,,Public,24 hours daily,,,,,,,1,,ChargePoint Network,http://www.chargepoint.com/,GPS,38.541135,-76.788201,"12/9/2021, 7:00 PM",143517,2021-12-10 00:30:15 UTC,,,,"8/14/2019, 8:00 PM",,,,,J1772COMBO,US,,,,Public,,public,,,,,,,,,,,,,,,,,,,,,0,0,1,1,-8548023.434251536,4656154.619668268
ELEC,Transco,3399 Benning Rd NE,,Washington,DC,20019,,202-450-0190,E,,Public,24 hours daily,,,,,,,2,,Non-Networked,,200-9,38.896312,-76.958812,"2/5/2020, 7:00 PM",144129,2021-03-11 23:22:17 UTC,P,,,"1/30/2020, 7:00 PM",,,,,CHADEMO J1772COMBO,US,,,,Public,,public,,,GAS_STATION,,,,,,,Free,,,,,,,,,,,0,0,2,2,-8567015.763895266,4706830.020385593
ELEC,MDTA FORT MCHENRY 4,3990 Leland Ave,,Baltimore,MD,21224,,888-758-4389,E,,Public,24 hours daily,,,,,,,1,,ChargePoint Network,http://www.chargepoint.com/,GPS,39.26556,-76.56214,"12/9/2021, 7:00 PM",145317,2021-12-10 00:30:15 UTC,,,,"9/16/2019, 8:00 PM",,,,,CHADEMO J1772COMBO,US,,,,Public,,public,,,,,,,,,,,,,,,,,,,,,0,0,1,1,-8522858.43884332,4759782.465526901
ELEC,HDOFDC DCFAST HOG,9407 Livingston Rd,,Fort Washington,MD,20744,,888-758-4389,E,,Public,24 hours daily,,,,,,,1,,ChargePoint Network,http://www.chargepoint.com/,GPS,38.760418,-76.99539,"12/9/2021, 7:00 PM",145477,2021-12-10 00:30:15 UTC,,,,"9/23/2019, 8:00 PM",,,,,J1772COMBO,US,,,,Public,,public,,,,,,,,,,,,,,,,,,,,,0,0,1,1,-8571087.608229505,4687411.378695689
ELEC,"Target 1431 - Falls Church, VA",6100 Arlington Blvd,,Falls Church,VA,22044,,833-632-2778,E,,Public,24 hours daily,,,,,,,6,,Electrify America,https://www.electrifyamerica.com/,GPS,38.867351,-77.142683,"12/9/2021, 7:00 PM",147079,2021-12-10 01:33:45 UTC,,,,"10/18/2019, 8:00 PM",,,,,CHADEMO J1772COMBO,US,,,,Public,,public,,,,,,,,,,,,,,,,,,,,,0,0,6,6,-8587484.18998692,4702688.513539784
ELEC,"Walmart 2258 - Alexandria, VA",7910 Richmond Hwy.,,Alexandria,VA,22306,,833-632-2778,E,,Public,24 hours daily,,,,,,1,3,,Electrify America,https://www.electrifyamerica.com/,GPS,38.742521,-77.086696,"12/9/2021, 7:00 PM",149152,2021-12-10 01:33:45 UTC,,,,"11/13/2019, 7:00 PM",,,,,CHADEMO J1772 J1772COMBO,US,,,,Public,,public,,,,,,,,,,,,,,,,,,,,,0,1,3,4,-8581251.745655881,4684856.736309655
ELEC,Nissan of Lexington Park,22757 Three Notch Rd,,California,MD,20619,,240-895-8210,E,,Public - Call ahead,Dealership business hours,,,,,,2,2,,Non-Networked,,GPS,38.2922,-76.496293,"11/8/2020, 7:00 PM",149473,2021-03-11 23:22:17 UTC,P,,,"4/30/2019, 8:00 PM",,,,,CHADEMO J1772 J1772COMBO,US,,,,Public - Appeler à l'avance,,public,CALL,,CAR_DEALER,,,,,,,,,,,,,,,,,,0,2,2,4,-8515528.384333054,4620786.506844632
ELEC,Tysons West,1500 B Cornerside Blvd.,,Vienna,VA,22182,,833-632-2778,E,,Public,24 hours daily,,,,,,,4,,Electrify America,https://www.electrifyamerica.com/,GPS,38.930184,-77.245534,"12/9/2021, 7:00 PM",149793,2021-12-10 01:33:45 UTC,,,,"12/6/2019, 7:00 PM",,,,,CHADEMO J1772COMBO,US,,,,Public,,public,,,,,,,,,,,,,,,,,,,,,0,0,4,4,-8598933.5109345,4711675.957865231
ELEC,BGE-Carroll County Commissione,225 N Center St,,Westminster,MD,21157,,855-900-7584,E,,Public,24 hours daily,,,,,,2,1,,Greenlots,http://greenlots.com/,200-9,39.572898,-76.987457,"12/9/2021, 7:00 PM",149892,2021-12-10 01:30:48 UTC,,,,"12/10/2019, 7:00 PM",,,,,CHADEMO J1772 J1772COMBO,US,,,,Public,,public,,,,,,,,,,,,,,,,,,,,,0,2,1,3,-8570204.510709038,4804069.71192161
ELEC,Hancock Western Rail Trail Parking Lot,2 Canal St,,Hancock,MD,21750,,301-842-2155,E,,Public,24 hours daily,,,,,,,2,,Non-Networked,,200-8,39.698418,-78.178408,"11/8/2020, 7:00 PM",150278,2021-03-11 23:22:17 UTC,P,,,"11/30/2019, 7:00 PM",,,,,CHADEMO J1772COMBO,US,,,,Public,,public,,,PARK,,,,,,,Free,,,,,,,,,,,0,0,2,2,-8702780.569588788,4822213.500624664
ELEC,BGE-Howard County Library - Mi,9421 Frederick Rd,,Elliott City,MD,21042,,855-900-7584,E,,Public,24 hours daily,,,,,,4,1,,Greenlots,http://greenlots.com/,200-9,39.272669,-76.839582,"12/9/2021, 7:00 PM",153270,2021-12-10 01:30:48 UTC,,,,"2/3/2020, 7:00 PM",,,,,CHADEMO J1772 J1772COMBO,US,,,,Public,,public,,,,,,,,,,,,,,,,,,,,,0,4,1,5,-8553743.141007982,4760804.667991266
ELEC,ROYAL FARMS RFS 107 DC #1,12826A Ocean Gtwy,,Ocean City,MD,21842,,888-758-4389,E,,Public,24 hours daily,,,,,,,1,,ChargePoint Network,http://www.chargepoint.com/,GPS,38.335753,-75.105008,"12/9/2021, 7:00 PM",153518,2021-12-10 00:30:15 UTC,,,,"2/6/2020, 7:00 PM",,,,,CHADEMO J1772COMBO,US,,,,Public,,public,,,,,,,,,,,,,,,,,,,,,0,0,1,1,-8360651.246584736,4626965.633244343
ELEC,H-D FREDERICK DCFAST HOG,5722 Urbana Pike,,Frederick,MD,21704,,888-758-4389,E,,Public,24 hours daily,,,,,,,1,,ChargePoint Network,http://www.chargepoint.com/,GPS,39.390396,-77.40587,"12/9/2021, 7:00 PM",154021,2021-12-10 00:30:15 UTC,,,,"2/26/2020, 7:00 PM",,,,,J1772COMBO,US,,,,Public,,public,,,,,,,,,,,,,,,,,,,,,0,0,1,1,-8616782.032810329,4777747.730529547
ELEC,BGE-Annapolis Library,1410 West St,,Annapolis,MD,21401,,855-900-7584,E,,Public,24 hours daily,,,,,,4,1,,Greenlots,http://greenlots.com/,200-9,38.978774,-76.515132,"12/9/2021, 7:00 PM",154458,2021-12-10 01:30:48 UTC,,,,"3/12/2020, 8:00 PM",,,,,CHADEMO J1772 J1772COMBO,US,,,,Public,,public,,,,,,,,,,,,,,,,,,,,,0,4,1,5,-8517625.532220112,4718631.586105458
ELEC,HIGHS EV#2 HIGH'S 62,2861 Jessup Rd,,Jessup,MD,20794,,888-758-4389,E,,Public,24 hours daily,,,,,,,1,,ChargePoint Network,http://www.chargepoint.com/,GPS,39.14194,-76.762572,"12/9/2021, 7:00 PM",154531,2021-12-10 00:30:15 UTC,,,,"3/17/2020, 8:00 PM",,,,,CHADEMO J1772COMBO,US,,,,Public,,public,,,,,,,,,,,,,,,,,,,,,0,0,1,1,-8545170.427021999,4742023.701491535
ELEC,CO LAB CHARGER STATION 1,2757 Hartland Rd,,Falls Church,VA,22043,,888-758-4389,E,,Public,24 hours daily,,,,,,,1,,ChargePoint Network,http://www.chargepoint.com/,GPS,38.877745,-77.222397,"12/9/2021, 7:00 PM",154787,2021-12-10 00:30:15 UTC,,,,"3/26/2020, 8:00 PM",,,,,CHADEMO J1772COMBO,US,,,,Public,,public,,,,,,,,,,,,,,,,,,,,,0,0,1,1,-8596357.911876017,4704174.691442952
ELEC,BGE-Ripken Stadium,873 Long Dr,,Aberdeen,MD,21001,,855-900-7584,E,,Public,24 hours daily,,,,,,14,2,,Greenlots,http://greenlots.com/,200-8,39.53067,-76.18689,"12/9/2021, 7:00 PM",155229,2021-12-10 01:30:48 UTC,,,,"4/6/2020, 8:00 PM",,,,,CHADEMO J1772 J1772COMBO,US,,,,Public,,public,,,,,,,,,,,,,,,,,,,,,0,14,2,16,-8481085.79992314,4797973.085906811
ELEC,"Walmart 3077 (Haymarket, VA)",6530 Trading Square,,Haymarket,VA,20169,,833-632-2778,E,,Public,24 hours daily,,,,,,,4,,Electrify America,https://www.electrifyamerica.com/,GPS,38.819204,-77.645886,"12/9/2021, 7:00 PM",155888,2021-12-10 01:33:45 UTC,,,,"4/29/2020, 8:00 PM",,,,,CHADEMO J1772COMBO,US,,,,Public,,public,,,,,,,,,,,,,,,,,,,,,0,0,4,4,-8643500.491712568,4695807.085190587
ELEC,City of Hyattsville,4310 Gallatin St,,Hyattsville,MD,20781,,410-685-1109,E,,Public,24 hours daily,,,,,,,2,,Non-Networked,,GPS,38.952683,-76.941805,"9/9/2021, 8:00 PM",156123,2021-09-10 19:40:26 UTC,P,,,"10/31/2019, 8:00 PM",,,,,CHADEMO J1772COMBO,US,,,,Public,,public,,,MUNI_GOV,,,,,,,,,,,,,,,,,,0,0,2,2,-8565122.55331535,4714896.082858436
ELEC,Nanticoke River Discovery Center,113 Old Ocean Gateway,,Vienna,MD,21869,,443-944-1175,E,,Public,24 hours daily,,,,,,2,4,,Non-Networked,,GPS,38.485467,-75.823919,"9/9/2021, 8:00 PM",156124,2021-09-10 19:40:26 UTC,P,,,"10/31/2019, 8:00 PM",,,,,CHADEMO J1772 J1772COMBO,US,,,,Public,,public,,,MUSEUM,,,,,,,,,,,,,,,,,,0,2,4,6,-8440680.05303042,4648234.847046234
ELEC,BGE-HDG City Hall,711 Pennington Ave,,Havre de Grace,MD,21078,,855-900-7584,E,,Public,24 hours daily,,,,,,4,1,,Greenlots,http://greenlots.com/,200-9,39.549089,-76.095887,"12/9/2021, 7:00 PM",156160,2021-12-10 01:30:48 UTC,,,,"5/8/2020, 8:00 PM",,,,,CHADEMO J1772 J1772COMBO,US,,,,Public,,public,,,,,,,,,,,,,,,,,,,,,0,4,1,5,-8470955.39230248,4800631.854660198
ELEC,BGE-Harford County Govt,220 S Main St,,Belair,MD,21014,,855-900-7584,E,,Public,24 hours daily,,,,,,,2,,Greenlots,http://greenlots.com/,200-9,39.534087,-76.347312,"12/9/2021, 7:00 PM",156164,2021-12-10 01:30:48 UTC,,,,"5/8/2020, 8:00 PM",,,,,CHADEMO J1772COMBO,US,,,,Public,,public,,,,,,,,,,,,,,,,,,,,,0,0,2,2,-8498943.895275183,4798466.273977898
ELEC,"Clarksburg Premium Outlets (Clarksburg, MD)",22705 Clarksburg Road,,Clarksburg,MD,20841,,833-632-2778,E,,Public,24 hours daily,,,,,,,4,,Electrify America,https://www.electrifyamerica.com/,GPS,39.229837,-77.285483,"12/9/2021, 7:00 PM",156168,2021-12-10 01:33:45 UTC,,,,"5/8/2020, 8:00 PM",,,,,CHADEMO J1772COMBO,US,,,,Public,,public,,,,,,,,,,,,,,,,,,,,,0,0,4,4,-8603380.613272203,4754647.427317694
ELEC,Town of Ocean City - Convention Center,4001 Coastal Hwy,,Ocean City,MD,21842,,410-685-1109,E,,Public,24 hours daily,,,,,,,2,,Non-Networked,,GPS,38.365827,-75.072092,"11/8/2020, 7:00 PM",156187,2021-03-11 23:22:17 UTC,P,,,"5/31/2018, 8:00 PM",,,,,CHADEMO J1772COMBO,US,,,,Public,,public,,,CONVENTION_CENTER,,,,,,,Free; pay to park,,,,,,,,,,,0,0,2,2,-8356987.054225784,4631234.580774821
ELEC,"Bowie Town Center (Bowie, MD)",15606 Emerald Way,,Bowie,MD,20716,,833-632-2778,E,,Public,24 hours daily,,,,,,1,3,,Electrify America,https://www.electrifyamerica.com/,GPS,38.944879,-76.735745,"12/9/2021, 7:00 PM",156216,2021-12-10 01:33:45 UTC,,,,"5/11/2020, 8:00 PM",,,,,CHADEMO J1772 J1772COMBO,US,,,,Public,,public,,,,,,,,,,,,,,,,,,,,,0,1,3,4,-8542184.05904249,4713779.035000324
ELEC,Pepco - Thomas Farm Community,700 Fallsgrove Dr,,Rockville,MD,20850,,855-900-7584,E,,Public,24 hours daily,,,,,,2,1,,Greenlots,http://greenlots.com/,200-9,39.099443,-77.185306,"12/9/2021, 7:00 PM",156818,2021-12-10 01:30:48 UTC,,,,"5/26/2020, 8:00 PM",,,,,CHADEMO J1772 J1772COMBO,US,,,,Public,,public,,,,,,,,,,,,,,,,,,,,,0,2,1,3,-8592228.960643006,4735925.955617085
ELEC,BGE - Ascend One,8930 Stanford Blvd,,Columbia,MD,21045,,855-900-7584,E,,Public,24 hours daily,,,,,,6,2,,Greenlots,http://greenlots.com/,200-9,39.192752,-76.817224,"12/9/2021, 7:00 PM",163621,2021-12-10 01:30:48 UTC,,,,"6/24/2020, 8:00 PM",,,,,CHADEMO J1772 J1772COMBO,US,,,,Public,,public,,,,,,,,,,,,,,,,,,,,,0,6,2,8,-8551254.259832837,4749319.3716382235
ELEC,"Walmart 5968 - Georgia Ave, DC",5929 Georgia Ave NW,,Washington,DC,20011,,833-632-2778,E,,Public,24 hours daily,,,,,,1,3,,Electrify America,https://www.electrifyamerica.com/,GPS,38.961475,-77.026786,"12/9/2021, 7:00 PM",163628,2021-12-10 01:33:45 UTC,,,,"6/24/2020, 8:00 PM",,,,,CHADEMO J1772 J1772COMBO,US,,,,Public,,public,,,,,,,,,,,,,,,,,,,,,0,1,3,4,-8574582.594962448,4716154.698275335
ELEC,BGE-HCLS Glenwood,2350 Roxbury Mills Rd,,Columbia,MD,21723,,855-900-7584,E,,Public,24 hours daily,,,,,,6,2,,Greenlots,http://greenlots.com/,GPS,39.304585,-77.020761,"12/9/2021, 7:00 PM",163651,2021-12-10 01:30:48 UTC,,,,"6/25/2020, 8:00 PM",,,,,CHADEMO J1772 J1772COMBO,US,,,,Public,,public,,,,,,,,,,,,,,,,,,,,,0,6,2,8,-8573911.895030418,4765395.145287298
ELEC,BGE-Finksburg Library,2265 Old Westminster Pike,,Finksburg,MD,21048,,855-900-7584,E,,Public,24 hours daily,,,,,,4,1,,Greenlots,http://greenlots.com/,200-9,39.517941,-76.917107,"12/9/2021, 7:00 PM",163719,2021-12-10 01:30:48 UTC,,,,"6/29/2020, 8:00 PM",,,,,CHADEMO J1772 J1772COMBO,US,,,,Public,,public,,,,,,,,,,,,,,,,,,,,,0,4,1,5,-8562373.184531735,4796136.07650353
ELEC,"Spotsylvania Towne Center (Spotsylvania, VA)",137 Spotsylvania Mall Dr,,Fredericksburg,VA,22407,,833-632-2778,E,,Public,24 hours daily,,,,,,,4,,Electrify America,https://www.electrifyamerica.com/,GPS,38.293961,-77.51235,"12/9/2021, 7:00 PM",163740,2021-12-10 01:33:45 UTC,,,,"6/30/2020, 8:00 PM",,,,,CHADEMO J1772COMBO,US,,,,Public,,public,,,,,,,,,,,,,,,,,,,,,0,0,4,4,-8628635.332189998,4621036.278546236
ELEC,Reston Office,2003 Edmund Halley Drive,,Reston,VA,20191,,833-632-2778,E,,Public,24 hours daily,,,,,,,3,,Electrify America,https://www.electrifyamerica.com/,GPS,38.950829,-77.358475,"12/9/2021, 7:00 PM",164086,2021-12-10 01:33:45 UTC,,,,"7/8/2020, 8:00 PM",,,,,CHADEMO J1772COMBO,US,,,,Public,,public,,,,,,,,,,,,,,,,,,,,,0,0,3,3,-8611506.045544181,4714630.694128022
ELEC,Sport Chevrolet,3101 Automobile Blvd,,Silver Spring,MD,20904,,301-281-6852,E,,Public,Dealership business hours,,,,,,8,1,,Non-Networked,,GPS,39.081139,-76.947254,"9/9/2021, 8:00 PM",164188,2021-09-10 19:40:26 UTC,P,,,"7/9/2020, 8:00 PM",,,,,J1772 J1772COMBO,US,,,,Public,,public,,,CAR_DEALER,,,,,,,Level 2: Free,,,,,,,,,,,0,8,1,9,-8565729.133220686,4733300.711264446
ELEC,"Target 1416 (Springfield, VA)",6600 Springfield Mall,,Springfield,VA,22150,,833-632-2778,E,,Public,24 hours daily,,,,,,1,3,,Electrify America,https://www.electrifyamerica.com/,GPS,38.775894,-77.172441,"12/9/2021, 7:00 PM",164537,2021-12-10 01:33:45 UTC,,,,"7/24/2020, 8:00 PM",,,,,CHADEMO J1772 J1772COMBO,US,,,,Public,,public,,,,,,,,,,,,,,,,,,,,,0,1,3,4,-8590796.835393947,4689620.960797191
ELEC,"Sheetz 622 (Sterling, VA)",45550 Dulles Plz,,Sterling,VA,20166,,833-632-2778,E,,Public,24 hours daily,,,,,,,4,,Electrify America,https://www.electrifyamerica.com/,GPS,38.97793,-77.425894,"12/9/2021, 7:00 PM",165516,2021-12-10 01:33:45 UTC,,,,"8/25/2020, 8:00 PM",,,,,CHADEMO J1772COMBO,US,,,,Public,,public,,,,,,,,,,,,,,,,,,,,,0,0,4,4,-8619011.094293974,4718510.727316573
ELEC,"Old Lee Hwy (Fairfax, VA)",3251 Old Lee Hwy,,Fairfax,VA,22030,,833-632-2778,E,,Public,24 hours daily,,,,,,,4,,Electrify America,https://www.electrifyamerica.com/,GPS,38.861694,-77.275739,"12/9/2021, 7:00 PM",165517,2021-12-10 01:33:45 UTC,,,,"8/25/2020, 8:00 PM",,,,,CHADEMO J1772COMBO,US,,,,Public,,public,,,,,,,,,,,,,,,,,,,,,0,0,4,4,-8602295.91615391,4701879.743164755
ELEC,"Simon Arundel Mills (Hanover, MD)",7000 ARUNDEL MILLS CIRCLE,,Hanover,MD,21076,,833-632-2778,E,,Public,24 hours daily,,,,,,,6,,Electrify America,https://www.electrifyamerica.com/,GPS,39.158819,-76.722876,"12/9/2021, 7:00 PM",166909,2021-12-10 01:33:45 UTC,,,,"9/16/2020, 8:00 PM",,,,,CHADEMO J1772COMBO,US,,,,Public,,public,,,,,,,,,,,,,,,,,,,,,0,0,6,6,-8540751.488515468,4744446.631403983
ELEC,BGE Aquatic Center,7888 Crain Highway,,Glen Burnie,MD,21061,,855-900-7584,E,,Public,24 hours daily,,,,,,4,2,,Greenlots,http://greenlots.com/,200-9,39.13757,-76.637462,"12/9/2021, 7:00 PM",167186,2021-12-10 01:30:48 UTC,,,,"9/29/2020, 8:00 PM",,,,,CHADEMO J1772 J1772COMBO,US,,,,Public,,public,,,,,,,,,,,,,,,,,,,,,0,4,2,6,-8531243.245528854,4741396.495757833
ELEC,"Walmart 2438 - Stafford, VA",217 Garrisonville Rd,,Stafford,VA,23602,,833-632-2778,E,,Public,24 hours daily,,,,,,,10,,Electrify America,https://www.electrifyamerica.com/,GPS,38.472339,-77.416558,"12/9/2021, 7:00 PM",167503,2021-12-10 01:33:45 UTC,,,,"10/12/2020, 8:00 PM",,,,,CHADEMO J1772COMBO,US,,,,Public,,public,,,,,,,,,,,,,,,,,,,,,0,0,10,10,-8617971.815527929,4646368.045039289
ELEC,"Walmart 2009 - Abingdon, MD",401 Constant Friendship Blvd.,,Abingdon,MD,21009,,833-632-2778,E,,Public,24 hours daily,,,,,,,8,,Electrify America,https://www.electrifyamerica.com/,GPS,39.463403,-76.315088,"12/9/2021, 7:00 PM",167597,2021-12-10 01:33:45 UTC,,,,"10/16/2020, 8:00 PM",,,,,CHADEMO J1772COMBO,US,,,,Public,,public,,,,,,,,,,,,,,,,,,,,,0,0,8,8,-8495356.73600386,4788269.1312701255
ELEC,"Walmart 5969 - Chantilly, VA",4368 Chantilly Shopping Center Chantilly,,Chantilly,VA,20151,,833-632-2778,E,,Public,24 hours daily,,,,,,,4,,Electrify America,https://www.electrifyamerica.com/,GPS,38.888474,-77.443861,"12/9/2021, 7:00 PM",167679,2021-12-10 01:33:45 UTC,,,,"10/21/2020, 8:00 PM",,,,,CHADEMO J1772COMBO,US,,,,Public,,public,,,,,,,,,,,,,,,,,,,,,0,0,4,4,-8621011.171585059,4705708.997069418
ELEC,"Sheetz 197 - Stephens City, VA",747 Fairfax Street,,Stephens City,VA,22655,,833-632-2778,E,,Public,24 hours daily,,,,,,,4,,Electrify America,https://www.electrifyamerica.com/,GPS,39.082164,-78.217188,"12/9/2021, 7:00 PM",167891,2021-12-10 01:33:45 UTC,,,,"10/27/2020, 8:00 PM",,,,,CHADEMO J1772COMBO,US,,,,Public,,public,,,,,,,,,,,,,,,,,,,,,0,0,4,4,-8707097.539441742,4733447.703499779
ELEC,"Walmart 5228 - Columbia, MD",6405 Dobbin Road,,Columbia,MD,21045,,833-632-2778,E,,Public,24 hours daily,,,,,,,10,,Electrify America,https://www.electrifyamerica.com/,GPS,39.196394,-76.818187,"12/9/2021, 7:00 PM",168337,2021-12-10 01:33:45 UTC,,,,"11/11/2020, 7:00 PM",,,,,CHADEMO J1772COMBO,US,,,,Public,,public,,,,,,,,,,,,,,,,,,,,,0,0,10,10,-8551361.460502466,4749842.498489581
ELEC,BGE-Glen Burnie Garage,7480 Baltimore Annapolis Blvd,,Glen Burnie,MD,21061,,855-900-7584,E,,Public,24 hours daily,,,,,,6,1,,Greenlots,http://greenlots.com/,200-8,39.163433,-76.624182,"12/9/2021, 7:00 PM",168484,2021-12-10 01:30:48 UTC,,,,"11/13/2020, 7:00 PM",,,,,CHADEMO J1772 J1772COMBO,US,,,,Public,,public,,,,,,,,,,,,,,,,,,,,,0,6,1,7,-8529764.92269112,4745109.058449186
ELEC,"Walmart 2647 - Woodstock, VA",461 W. Reservoir Road,,Woodstock,VA,22664,,833-632-2778,E,,Public,24 hours daily,,,,,,,4,,Electrify America,https://www.electrifyamerica.com/,GPS,38.869631,-78.529625,"12/9/2021, 7:00 PM",168490,2021-12-10 01:33:45 UTC,,,,"11/13/2020, 7:00 PM",,,,,CHADEMO J1772COMBO,US,,,,Public,,public,,,,,,,,,,,,,,,,,,,,,0,0,4,4,-8741877.86718672,4703014.498936906
ELEC,"BP - Clear Spring, MD",12911 Clear Spring Rd,,Clear Spring,MD,21722,,301-857-2478,E,,Public,24 hours daily,,,,,,,4,,Non-Networked,,GPS,39.653757,-77.927112,"9/9/2021, 8:00 PM",169320,2021-09-10 19:40:26 UTC,P,,,"11/8/2020, 7:00 PM",,,,,CHADEMO J1772COMBO,US,,,,Public,,public,,,CONVENIENCE_STORE,,,,,,,$0.50 per kWh,,,,,,,,,,,0,0,4,4,-8674806.426830396,4815754.023959056
ELEC,"Sam's Club 6357 (Annapolis,MD)",2100 Generals Hwy,,Annapolis,MD,21401,,833-632-2778,E,,Public,24 hours daily,,,,,,,4,,Electrify America,https://www.electrifyamerica.com/,GPS,38.98946,-76.550724,"12/9/2021, 7:00 PM",169421,2021-12-10 01:33:45 UTC,,,,"11/21/2020, 7:00 PM",,,,,CHADEMO J1772COMBO,US,,,,Public,,public,,,,,,,,,,,,,,,,,,,,,0,0,4,4,-8521587.615536422,4720161.920449138
ELEC,"Walmart 2233 (Frederick, MD)",7400 GUILFORD DR,,Frederick,MD,21704,,833-632-2778,E,,Public,24 hours daily,,,,,,,4,,Electrify America,https://www.electrifyamerica.com/,GPS,39.39557,-77.409486,"12/9/2021, 7:00 PM",170007,2021-12-10 01:33:45 UTC,,,,"12/8/2020, 7:00 PM",,,,,CHADEMO J1772COMBO,US,,,,Public,,public,,,,,,,,,,,,,,,,,,,,,0,0,4,4,-8617184.56408904,4778493.0186012685
ELEC,Best Western Hotel and Conference Center,5625 O'Donnell St,,Baltimore,MD,21224,,888-998-2546,E,,Public,MON: 24 hours | TUE: 24 hours | WED: 24 hours | THU: 24 hours | FRI: 24 hours | SAT: 24 hours | SUN: 24 hours,,,,,,,2,,Blink Network,http://www.blinkcharging.com/,GPS,39.279853,-76.546448,"12/8/2021, 7:00 PM",170174,2021-12-09 22:55:13 UTC,,,,"12/14/2020, 7:00 PM",,,,,CHADEMO,US,,,,Public,,public,,,,,,,,,,Level 2: $9.99 per session,,,,,,,,,,,0,0,2,2,-8521111.613393793,4761837.760059573
ELEC,"Walmart 2412 (Ellicott City, MD)",3200 NORTH RIDGE RD,,Ellicott City,MD,21043,,833-632-2778,E,,Public,24 hours daily,,,,,,,4,,Electrify America,https://www.electrifyamerica.com/,GPS,39.28201,-76.819162,"12/9/2021, 7:00 PM",170208,2021-12-10 01:33:45 UTC,,,,"12/15/2020, 7:00 PM",,,,,CHADEMO J1772COMBO,US,,,,Public,,public,,,,,,,,,,,,,,,,,,,,,0,0,4,4,-8551469.997005992,4762147.967208348
ELEC,"Simon Leesburg Premium Outlets (Leesburg, VA)",241 FORT EVANS ROAD NE,,LEESBURG,VA,20176,,833-632-2778,E,,Public,24 hours daily,,,,,,,4,,Electrify America,https://www.electrifyamerica.com/,GPS,39.109136,-77.538376,"12/9/2021, 7:00 PM",170321,2021-12-10 01:33:45 UTC,,,,"12/17/2020, 7:00 PM",,,,,CHADEMO J1772COMBO,US,,,,Public,,public,,,,,,,,,,,,,,,,,,,,,0,0,4,4,-8631532.53325738,4737316.446538776
ELEC,Walmart 2790 Hagerstown,10420 Walmart Drive,,Hagerstown,MD,21740,,833-632-2778,E,,Public,24 hours daily,,,,,,,4,,Electrify America,https://www.electrifyamerica.com/,GPS,39.600179,-77.732177,"12/9/2021, 7:00 PM",170350,2021-12-10 01:33:45 UTC,,,,"12/17/2020, 7:00 PM",,,,,CHADEMO J1772COMBO,US,,,,Public,,public,,,,,,,,,,,,,,,,,,,,,0,0,4,4,-8653106.36189261,4808010.354153693
ELEC,POTOMAC EDISON DEEP CREEK DC2,2 Vacation Way,,McHenry,MD,21541,,888-758-4389,E,,Public,24 hours daily,,,,,,,1,,ChargePoint Network,http://www.chargepoint.com/,GPS,39.561805,-79.35902,"12/9/2021, 7:00 PM",170464,2021-12-10 00:30:15 UTC,,,,"12/22/2020, 7:00 PM",,,,,CHADEMO J1772COMBO,US,,,,Public,,public,,,,,,,,,,,,,,,,,,,,,0,0,1,1,-8834205.696253212,4802467.81151735
ELEC,POTOMAC EDISON DEEP CREEK DC1,5 Vacation Way,,McHenry,MD,21541,,888-758-4389,E,,Public,24 hours daily,,,,,,,1,,ChargePoint Network,http://www.chargepoint.com/,GPS,39.561786,-79.359037,"12/9/2021, 7:00 PM",170738,2021-12-10 00:30:15 UTC,,,,"12/31/2020, 7:00 PM",,,,,CHADEMO J1772COMBO,US,,,,Public,,public,,,,,,,,,,,,,,,,,,,,,0,0,1,1,-8834207.588684551,4802465.068015218
ELEC,POTOMAC EDISON HANCOCK DC 1,159 W Main St,,Hancock,MD,21750,,888-758-4389,E,,Public,24 hours daily,,,,,,,1,,ChargePoint Network,http://www.chargepoint.com/,GPS,39.699384,-78.183629,"12/9/2021, 7:00 PM",170751,2021-12-10 00:30:15 UTC,,,,"1/4/2021, 7:00 PM",,,,,CHADEMO J1772COMBO,US,,,,Public,,public,,,,,,,,,,,,,,,,,,,,,0,0,1,1,-8703361.768650211,4822353.262748286
ELEC,POTOMAC EDISON HANCOCK DC 2,159 MD-144,,Hancock,MD,21750,,888-758-4389,E,,Public,24 hours daily,,,,,,,1,,ChargePoint Network,http://www.chargepoint.com/,GPS,39.699416,-78.183656,"12/9/2021, 7:00 PM",170752,2021-12-10 00:30:15 UTC,,,,"1/4/2021, 7:00 PM",,,,,CHADEMO J1772COMBO,US,,,,Public,,public,,,,,,,,,,,,,,,,,,,,,0,0,1,1,-8703364.774276465,4822357.8925829455
ELEC,BGE-Randallstown,3525 Resource Drive,,Randallstown,MD,21133,,855-900-7584,E,,Public,24 hours daily,,,,,,2,2,,Greenlots,http://greenlots.com/,200-9,39.364312,-76.78664,"12/9/2021, 7:00 PM",170914,2021-12-10 01:30:48 UTC,,,,"1/4/2021, 7:00 PM",,,,,CHADEMO J1772 J1772COMBO,US,,,,Public,,public,,,,,,,,,,,,,,,,,,,,,0,2,2,4,-8547849.664526416,4773991.305821069
ELEC,BGE-Broadneck HS,1265 Green Holly Dr,,Annapolis,MD,21409,,855-900-7584,E,,Public,24 hours daily,,,,,,4,1,,Greenlots,http://greenlots.com/,200-9,39.039931,-76.453536,"12/9/2021, 7:00 PM",170917,2021-12-10 01:30:48 UTC,,,,"1/4/2021, 7:00 PM",,,,,CHADEMO J1772 J1772COMBO,US,,,,Public,,public,,,,,,,,,,,,,,,,,,,,,0,4,1,5,-8510768.696865214,4727392.960786544
ELEC,BGE-Howard Community College,10901 Little Patuxent Pkwy,,Columbia,MD,21044,,855-900-7584,E,,Public,24 hours daily,,,,,,6,1,,Greenlots,http://greenlots.com/,GPS,39.214042,-76.88893,"12/9/2021, 7:00 PM",171223,2021-12-10 01:30:48 UTC,,,,"1/8/2021, 7:00 PM",,,,,CHADEMO J1772 J1772COMBO,US,,,,Public,,public,,,,,,,,,,,,,,,,,,,,,0,6,1,7,-8559236.535239656,4752377.792770952
ELEC,BGE-Arbutus,855 Sulpher Spring Rd,,Arbutus,MD,21227,,855-900-7584,E,,Public,24 hours daily,,,,,,4,1,,Greenlots,http://greenlots.com/,GPS,39.241386,-76.710112,"12/9/2021, 7:00 PM",171265,2021-12-10 01:30:48 UTC,,,,"1/12/2021, 7:00 PM",,,,,CHADEMO J1772 J1772COMBO,US,,,,Public,,public,,,,,,,,,,,,,,,,,,,,,0,4,1,5,-8539330.606534978,4756307.263738565
ELEC,BGE-EC Courthouse,3600 Sarahs Lane,,Ellicott City,MD,21043,,855-900-7584,E,,Public,24 hours daily,,,,,,6,2,,Greenlots,http://greenlots.com/,GPS,39.269639,-76.796996,"12/9/2021, 7:00 PM",171290,2021-12-10 01:30:48 UTC,,,,"1/13/2021, 7:00 PM",,,,,CHADEMO J1772 J1772COMBO,US,,,,Public,,public,,,,,,,,,,,,,,,,,,,,,0,6,2,8,-8549002.489173062,4760368.971886657
ELEC,BGE-Whitmore Garage,37 Clay St,,Annapolis,MD,21401,,855-900-7584,E,,Public,24 hours daily,,,,,,6,1,,Greenlots,http://greenlots.com/,GPS,38.979374,-76.496327,"12/9/2021, 7:00 PM",171350,2021-12-10 01:30:48 UTC,,,,"1/15/2021, 7:00 PM",,,,,CHADEMO J1772 J1772COMBO,US,,,,Public,,public,,,,,,,,,,,,,,,,,,,,,0,6,1,7,-8515532.169195741,4718717.505551837
ELEC,BGE-Eastport,269 Hillsmere Dr,,Annapolis,MD,21403,,855-900-7584,E,,Public,24 hours daily,,,,,,4,2,,Greenlots,http://greenlots.com/,GPS,38.94784,-76.493081,"12/9/2021, 7:00 PM",171389,2021-12-10 01:30:48 UTC,,,,"1/19/2021, 7:00 PM",,,,,CHADEMO J1772 J1772COMBO,US,,,,Public,,public,,,,,,,,,,,,,,,,,,,,,0,4,2,6,-8515170.826128632,4714202.851724796
ELEC,"BoA VA9-532 (Jermantown, VA)",11190 MAIN ST,,Fairfax,VA,22030,,833-632-2778,E,,Public,24 hours daily,,,,,,,4,,Electrify America,https://www.electrifyamerica.com/,GPS,38.85651,-77.331277,"12/9/2021, 7:00 PM",171423,2021-12-10 01:33:45 UTC,,,,"1/21/2021, 7:00 PM",,,,,CHADEMO J1772COMBO,US,,,,Public,,public,,,,,,,,,,,,,,,,,,,,,0,0,4,4,-8608478.37803358,4701138.653184898
ELEC,S SPRING BMW DC FAST 01,3211 Automobile Blvd,,Silver Spring,MD,20904,,888-758-4389,E,,Public,24 hours daily,,,,,,,1,,ChargePoint Network,http://www.chargepoint.com/,GPS,39.078809,-76.946037,"12/9/2021, 7:00 PM",171762,2021-12-10 00:30:15 UTC,,,,"1/26/2021, 7:00 PM",,,,,J1772COMBO,US,,,,Public,,public,,,,,,,,,,,,,,,,,,,,,0,0,1,1,-8565593.657400383,4732966.580762096
ELEC,ROYAL FARMS RFS 102 DC #1,10740 Pulaski Hwy,,White Marsh,MD,21162,,888-758-4389,E,,Public,24 hours daily,,,,,,,1,,ChargePoint Network,http://www.chargepoint.com/,GPS,39.380401,-76.428493,"12/9/2021, 7:00 PM",172356,2021-12-10 00:30:15 UTC,,,,"1/26/2021, 7:00 PM",,,,,CHADEMO J1772COMBO,US,,,,Public,,public,,,,,,,,,,,,,,,,,,,,,0,0,1,1,-8507980.922857272,4776308.158694372
ELEC,DC CORRIDOR HAGERSTOWN #4,17523 Valley Mall Rd,,Hagerstown,MD,21740,,888-758-4389,E,,Public,24 hours daily,,,,,,,1,,ChargePoint Network,http://www.chargepoint.com/,GPS,39.626166,-77.768983,"12/9/2021, 7:00 PM",173203,2021-12-10 00:30:15 UTC,,,,"1/26/2021, 7:00 PM",,,,,CHADEMO J1772COMBO,US,,,,Public,,public,,,,,,,,,,,,,,,,,,,,,0,0,1,1,-8657203.587070752,4811765.526534066
ELEC,DC CORRIDOR HAGERSTOWN #3,17523 Valley Mall Rd,,Hagerstown,MD,21740,,888-758-4389,E,,Public,24 hours daily,,,,,,,1,,ChargePoint Network,http://www.chargepoint.com/,GPS,39.626174,-77.769015,"12/9/2021, 7:00 PM",173204,2021-12-10 00:30:15 UTC,,,,"1/26/2021, 7:00 PM",,,,,CHADEMO J1772COMBO,US,,,,Public,,public,,,,,,,,,,,,,,,,,,,,,0,0,1,1,-8657207.149294455,4811766.6827668175
ELEC,DC CORRIDOR BOX HILL DC 1,3491 Merchant Boulevard,,Abingdon,MD,21009,,888-758-4389,E,,Public,24 hours daily,,,,,,,1,,ChargePoint Network,http://www.chargepoint.com/,GPS,39.468025,-76.307407,"12/9/2021, 7:00 PM",173477,2021-12-10 00:30:15 UTC,,,,"1/26/2021, 7:00 PM",,,,,CHADEMO J1772COMBO,US,,,,Public,,public,,,,,,,,,,,,,,,,,,,,,0,0,1,1,-8494501.690995079,4788935.601870254
ELEC,DC CORRIDOR BOX HILL DC 3,3491 Merchant Boulevard,,Abingdon,MD,21009,,888-758-4389,E,,Public,24 hours daily,,,,,,,1,,ChargePoint Network,http://www.chargepoint.com/,GPS,39.468005,-76.307462,"12/9/2021, 7:00 PM",173478,2021-12-10 00:30:15 UTC,,,,"1/26/2021, 7:00 PM",,,,,CHADEMO J1772COMBO,US,,,,Public,,public,,,,,,,,,,,,,,,,,,,,,0,0,1,1,-8494507.813567072,4788932.717869215
ELEC,DC CORRIDOR BOX HILL DC 4,3491 Merchant Boulevard,,Abingdon,MD,21009,,888-758-4389,E,,Public,24 hours daily,,,,,,,1,,ChargePoint Network,http://www.chargepoint.com/,GPS,39.467997,-76.307489,"12/9/2021, 7:00 PM",173479,2021-12-10 00:30:15 UTC,,,,"1/26/2021, 7:00 PM",,,,,CHADEMO J1772COMBO,US,,,,Public,,public,,,,,,,,,,,,,,,,,,,,,0,0,1,1,-8494510.819193324,4788931.5642690435
ELEC,DC CORRIDOR CABIN JOHN DC3,11355 Seven Locks Rd,,Potomac,MD,20854,,888-758-4389,E,,Public,24 hours daily,,,,,,,1,,ChargePoint Network,http://www.chargepoint.com/,GPS,39.042704,-77.157619,"12/9/2021, 7:00 PM",173655,2021-12-10 00:30:15 UTC,,,,"1/26/2021, 7:00 PM",,,,,CHADEMO J1772COMBO,US,,,,Public,,public,,,,,,,,,,,,,,,,,,,,,0,0,1,1,-8589146.857901407,4727790.401434749
ELEC,DC CORRIDOR CABIN JOHN DC1,11355 Seven Locks Rd,,Potomac,MD,20854,,888-758-4389,E,,Public,24 hours daily,,,,,,,1,,ChargePoint Network,http://www.chargepoint.com/,GPS,39.042695,-77.15764,"12/9/2021, 7:00 PM",173656,2021-12-10 00:30:15 UTC,,,,"1/26/2021, 7:00 PM",,,,,CHADEMO J1772COMBO,US,,,,Public,,public,,,,,,,,,,,,,,,,,,,,,0,0,1,1,-8589149.195610715,4727789.111483142
ELEC,DC CORRIDOR CABIN JOHN DC2,11355 Seven Locks Rd,,Potomac,MD,20854,,888-758-4389,E,,Public,24 hours daily,,,,,,,1,,ChargePoint Network,http://www.chargepoint.com/,GPS,39.042662,-77.157576,"12/9/2021, 7:00 PM",173657,2021-12-10 00:30:15 UTC,,,,"1/26/2021, 7:00 PM",,,,,CHADEMO J1772COMBO,US,,,,Public,,public,,,,,,,,,,,,,,,,,,,,,0,0,1,1,-8589142.071163304,4727784.381661996
ELEC,DC CORRIDOR HAGERSTOWN #2,17513 Valley Mall Rd,,Hagerstown,MD,21740,,888-758-4389,E,,Public,24 hours daily,,,,,,,1,,ChargePoint Network,http://www.chargepoint.com/,GPS,39.626176,-77.76911,"12/9/2021, 7:00 PM",173740,2021-12-10 00:30:15 UTC,,,,"1/26/2021, 7:00 PM",,,,,CHADEMO J1772COMBO,US,,,,Public,,public,,,,,,,,,,,,,,,,,,,,,0,0,1,1,-8657217.72464608,4811766.971825026
ELEC,MDTA BALT HARB TUN 3,1516 Frankfurst Ave,,Baltimore,MD,21226,,888-758-4389,E,,Public,24 hours daily,,,,,,,1,,ChargePoint Network,http://www.chargepoint.com/,GPS,39.240494,-76.5881,"12/9/2021, 7:00 PM",174284,2021-12-10 00:30:15 UTC,,,,"1/26/2021, 7:00 PM",,,,,CHADEMO J1772COMBO,US,,,,Public,,public,,,,,,,,,,,,,,,,,,,,,0,0,1,1,-8525748.292824315,4756179.054669455
ELEC,MDTA BALT HARB TUN 4,1150 Frankfurst Ave,,Baltimore,MD,21226,,888-758-4389,E,,Public,24 hours daily,,,,,,,1,,ChargePoint Network,http://www.chargepoint.com/,GPS,39.240486,-76.58813,"12/9/2021, 7:00 PM",174285,2021-12-10 00:30:15 UTC,,,,"1/26/2021, 7:00 PM",,,,,CHADEMO J1772COMBO,US,,,,Public,,public,,,,,,,,,,,,,,,,,,,,,0,0,1,1,-8525751.632409032,4756177.904819712
ELEC,MDTA FORT MCHENRY 5,3990 Leland Ave,,Baltimore,MD,21224,,888-758-4389,E,,Public,24 hours daily,,,,,,,1,,ChargePoint Network,http://www.chargepoint.com/,GPS,39.265537,-76.56216,"12/9/2021, 7:00 PM",174437,2021-12-10 00:30:15 UTC,,,,"1/26/2021, 7:00 PM",,,,,CHADEMO J1772COMBO,US,,,,Public,,public,,,,,,,,,,,,,,,,,,,,,0,0,1,1,-8522860.665233139,4759779.15852727
ELEC,MDTA FORT MCHENRY 2,3990 Leland Ave,,Baltimore,MD,21224,,888-758-4389,E,,Public,24 hours daily,,,,,,,1,,ChargePoint Network,http://www.chargepoint.com/,GPS,39.26561,-76.56207,"12/9/2021, 7:00 PM",174438,2021-12-10 00:30:15 UTC,,,,"1/26/2021, 7:00 PM",,,,,CHADEMO J1772COMBO,US,,,,Public,,public,,,,,,,,,,,,,,,,,,,,,0,0,1,1,-8522850.64647897,4759789.654660277
ELEC,MDTA FORT MCHENRY 3,3990 Leland Ave,,Baltimore,MD,21224,,888-758-4389,E,,Public,24 hours daily,,,,,,,1,,ChargePoint Network,http://www.chargepoint.com/,GPS,39.265583,-76.56212,"12/9/2021, 7:00 PM",174439,2021-12-10 00:30:15 UTC,,,,"1/26/2021, 7:00 PM",,,,,CHADEMO J1772COMBO,US,,,,Public,,public,,,,,,,,,,,,,,,,,,,,,0,0,1,1,-8522856.212453507,4759785.772527628
ELEC,MDTA FORT MCHENRY 1,3990 Leland Ave,,Baltimore,MD,21224,,888-758-4389,E,,Public,24 hours daily,,,,,,,1,,ChargePoint Network,http://www.chargepoint.com/,GPS,39.26565,-76.56203,"12/9/2021, 7:00 PM",174440,2021-12-10 00:30:15 UTC,,,,"1/26/2021, 7:00 PM",,,,,CHADEMO J1772COMBO,US,,,,Public,,public,,,,,,,,,,,,,,,,,,,,,0,0,1,1,-8522846.193699332,4759795.405970685
ELEC,HIGHS EV#1 HIGH'S 62,2861 Jessup Rd,,Jessup,MD,20794,,888-758-4389,E,,Public,24 hours daily,,,,,,,1,,ChargePoint Network,http://www.chargepoint.com/,GPS,39.142144,-76.762608,"12/9/2021, 7:00 PM",175390,2021-12-10 00:30:15 UTC,,,,"1/26/2021, 7:00 PM",,,,,CHADEMO J1772COMBO,US,,,,Public,,public,,,,,,,,,,,,,,,,,,,,,0,0,1,1,-8545174.43452367,4742052.98161196
ELEC,BULL RUN H-D DCFAST HOG,9321 Center St,,Manassas,VA,20110,,888-758-4389,E,,Public,24 hours daily,,,,,,,1,,ChargePoint Network,http://www.chargepoint.com/,GPS,38.750754,-77.481938,"12/9/2021, 7:00 PM",183062,2021-12-10 00:30:15 UTC,,,,"1/26/2021, 7:00 PM",,,,,J1772COMBO,US,,,,Public,,public,,,,,,,,,,,,,,,,,,,,,0,0,1,1,-8625249.88383599,4686031.846502483
ELEC,ROMMEL SALISBURY,2410 N Salisbury Blvd,,Salisbury,MD,21801,,888-758-4389,E,,Public,Mon 10:00am - 7:00pm; Tue 10:00am - 7:00pm; Wed 10:00am - 7:00pm; Thu 10:00am - 7:00pm; Fri 10:00am - 7:00pm; Sat 10:00am - 7:00pm; Sun 10:00am - 7:00pm,,,,,,,1,,ChargePoint Network,http://www.chargepoint.com/,GPS,38.402881,-75.571157,"12/9/2021, 7:00 PM",183063,2021-12-10 00:30:15 UTC,,,,"1/26/2021, 7:00 PM",,,,,J1772COMBO,US,,,,Public,,public,,,,,,,,,,,,,,,,,,,,,0,0,1,1,-8412542.715898532,4636496.766033918
ELEC,ROMMEL ANNAPOLIS,30 Hudson St,,Annapolis,MD,21401,,888-758-4389,E,,Public,Mon 10:00am - 7:00pm; Tue 10:00am - 7:00pm; Wed 10:00am - 7:00pm; Thu 10:00am - 7:00pm; Fri 10:00am - 7:00pm; Sat 10:00am - 7:00pm; Sun 10:00am - 7:00pm,,,,,,,1,,ChargePoint Network,http://www.chargepoint.com/,GPS,38.986164,-76.53175,"12/9/2021, 7:00 PM",183095,2021-12-10 00:30:15 UTC,,,,"1/26/2021, 7:00 PM",,,,,J1772COMBO,US,,,,Public,,public,,,,,,,,,,,,,,,,,,,,,0,0,1,1,-8519475.439518115,4719689.878032155
ELEC,CHANTILLY KIA OURISMANDC,4105 Auto Park Cir,,Chantilly,VA,20151,,888-758-4389,E,,Public,24 hours daily,,,,,,,1,,ChargePoint Network,http://www.chargepoint.com/,GPS,38.90332,-77.45856,"12/9/2021, 7:00 PM",183479,2021-12-10 00:30:15 UTC,,,,"1/26/2021, 7:00 PM",,,,,J1772COMBO,US,,,,Public,,public,,,,,,,,,,,,,,,,,,,,,0,0,1,1,-8622647.456780225,4707832.4384249225
ELEC,CHANTILLY KIA OURISMANDC2,4105 Auto Park Cir,,Chantilly,VA,20151,,888-758-4389,E,,Public,24 hours daily,,,,,,,1,,ChargePoint Network,http://www.chargepoint.com/,GPS,38.903633,-77.45892,"12/9/2021, 7:00 PM",183547,2021-12-10 00:30:15 UTC,,,,"1/28/2021, 7:00 PM",,,,,J1772COMBO,US,,,,Public,,public,,,,,,,,,,,,,,,,,,,,,0,0,1,1,-8622687.53179692,4707877.21197255
ELEC,BGE-Drumcastle,6401 York Rd,,Baltimore,MD,21212,,855-900-7584,E,,Public,24 hours daily,,,,,,4,2,,Greenlots,http://greenlots.com/,GPS,39.372955,-76.61094,"12/9/2021, 7:00 PM",184190,2021-12-10 01:30:48 UTC,,,,"2/9/2021, 7:00 PM",,,,,CHADEMO J1772 J1772COMBO,US,,,,Public,,public,,,,,,,,,,,,,,,,,,,,,0,4,2,6,-8528290.829994032,4775235.851264097
ELEC,BGE-Sollers Point,325 Sollers Point,,Dundalk,MD,21222,,855-900-7584,E,,Public,24 hours daily,,,,,,4,2,,Greenlots,http://greenlots.com/,GPS,39.244197,-76.508712,"12/9/2021, 7:00 PM",184910,2021-12-10 01:30:48 UTC,,,,"2/11/2021, 7:00 PM",,,,,CHADEMO J1772 J1772COMBO,US,,,,Public,,public,,,,,,,,,,,,,,,,,,,,,0,4,2,6,-8516910.861089218,4756711.30544924
ELEC,BGE - Essex-Rosedale,8914 Kelso Dr,,Essex,MD,21221,,855-900-7584,E,,Public,24 hours daily,,,,,,,1,,Greenlots,http://greenlots.com/,GPS,39.340272,-76.466723,"12/9/2021, 7:00 PM",186527,2021-12-10 01:30:48 UTC,,,,"3/22/2021, 8:00 PM",,,,,CHADEMO J1772COMBO,US,,,,Public,,public,,,,,,,,,,,,,,,,,,,,,0,0,1,1,-8512236.6669903,4770530.485008679
ELEC,BGE - BWI Cell Lot,1001 Scott Drive,,Baltimore,MD,21240,,855-900-7584,E,,Public,24 hours daily,,,,,,,4,,Greenlots,http://greenlots.com/,GPS,39.186978,-76.677562,"12/9/2021, 7:00 PM",187243,2021-12-10 01:30:48 UTC,,,,"4/8/2021, 8:00 PM",,,,,CHADEMO J1772COMBO,US,,,,Public,,public,,,,,,,,,,,,,,,,,,,,,0,0,4,4,-8535707.15710966,4748490.065740533
ELEC,DOEE DISTRICT CABS,3355a Benning Rd NE,,Washington,DC,20019,,888-758-4389,E,,Public,24 hours daily,,,,,,,1,,ChargePoint Network,http://www.chargepoint.com/,GPS,38.896435,-76.958465,"12/9/2021, 7:00 PM",187947,2021-12-10 00:30:15 UTC,,,,"4/24/2021, 8:00 PM",,,,,CHADEMO J1772COMBO,US,,,,Public,,public,,,,,,,,,,,,,,,,,,,,,0,0,1,1,-8566977.136031965,4706847.613342434
ELEC,SALES LOTS DCF EV 1,4918 Bethesda Ave,,Bethesda,MD,20814,,888-758-4389,E,,Public,24 hours daily,,,,,,,1,,ChargePoint Network,http://www.chargepoint.com/,GPS,38.980197,-77.099065,"12/9/2021, 7:00 PM",189304,2021-12-10 00:30:15 UTC,,,,"5/5/2021, 8:00 PM",,,,,CHADEMO J1772COMBO,US,,,,Public,,public,,,,,,,,,,,,,,,,,,,,,0,0,1,1,-8582628.656437496,4718835.359576702
ELEC,BGE - Sykesville City Hall,7547 Main St,,Sykesville,MD,21784,,855-900-7584,E,,Public,24 hours daily,,,,,,2,1,,Greenlots,http://greenlots.com/,GPS,39.366214,-76.96843,"12/9/2021, 7:00 PM",189771,2021-12-10 01:30:48 UTC,,,,"5/17/2021, 8:00 PM",,,,,CHADEMO J1772 J1772COMBO,US,,,,Public,,public,,,,,,,,,,,,,,,,,,,,,0,2,1,3,-8568086.434757723,4774265.170357019
ELEC,"Target T1088 (Reston, VA)",12197 Sunset Hills Rd,,Reston,VA,20190,,833-632-2778,E,,Public,24 hours daily,,,,,,,4,,Electrify America,https://www.electrifyamerica.com/,GPS,38.955241,-77.368991,"12/9/2021, 7:00 PM",190194,2021-12-10 01:33:45 UTC,,,,"5/26/2021, 8:00 PM",,,,,CHADEMO J1772COMBO,US,,,,Public,,public,,,,,,,,,,,,,,,,,,,,,0,0,4,4,-8612676.681309365,4715262.2562689185
ELEC,"Tyson's Corner Center (McLean, VA)",8000 Tysons Corner Center,,McLean,VA,22102,,833-632-2778,E,,Public,24 hours daily,,,,,,,4,,Electrify America,https://www.electrifyamerica.com/,GPS,38.916939,-77.220581,"12/9/2021, 7:00 PM",190384,2021-12-10 01:33:45 UTC,,,,"5/28/2021, 8:00 PM",,,,,CHADEMO J1772COMBO,US,,,,Public,,public,,,,,,,,,,,,,,,,,,,,,0,0,4,4,-8596155.75568074,4709780.771003142
ELEC,"Simon Potomac Mills (Woodbridge, VA)",2700 Potomac Mills Cir,,Woodbridge,VA,22192,,833-632-2778,E,,Public,24 hours daily,,,,,,,4,,Electrify America,https://www.electrifyamerica.com/,GPS,38.645235,-77.298264,"12/9/2021, 7:00 PM",190762,2021-12-10 01:33:45 UTC,,,,"6/4/2021, 8:00 PM",,,,,CHADEMO J1772COMBO,US,,,,Public,,public,,,,,,,,,,,,,,,,,,,,,0,0,4,4,-8604803.387684027,4670981.182598293
ELEC,GERMANTOWN MD DC STATION 1,19750 Germantown Rd,,Germantown,MD,20874,,888-758-4389,E,,Public,24 hours daily,,,,,,,1,,ChargePoint Network,http://www.chargepoint.com/,GPS,39.180778,-77.264986,"12/9/2021, 7:00 PM",191543,2021-12-10 00:30:15 UTC,,,,"6/25/2021, 8:00 PM",,,,,CHADEMO J1772COMBO,US,,,,Public,,public,,,,,,,,,,,,,,,,,,,,,0,0,1,1,-8601098.89766941,4747599.650326088
ELEC,Safeway Charles St.,2401 N Charles St,,Baltimore,MD,21218,,877-455-3833,E,,Public,24 hours daily,,,,,,,2,,eVgo Network,https://www.evgo.com/,GPS,39.3165628,-76.6168737,"12/9/2021, 7:00 PM",192200,2021-12-10 01:28:21 UTC,,,,"7/3/2021, 8:00 PM",,,,,CHADEMO J1772COMBO,US,,,,Public,,public,,,,,,,,,,,,,,,,,,,,,0,0,2,2,-8528951.366456553,4767118.452044748
ELEC,Ashburn Restaurant Park,44640 Waxpool Rd,,Ashburn,VA,20147,,877-455-3833,E,,Public,24 hours daily,,,,,,,2,,eVgo Network,https://www.evgo.com/,GPS,39.013872,-77.459996,"12/9/2021, 7:00 PM",192456,2021-12-10 01:28:21 UTC,,,,"7/3/2021, 8:00 PM",,,,,CHADEMO J1772COMBO,US,,,,Public,,public,,,,,,,,,,,,,,,,,,,,,0,0,2,2,-8622807.311569009,4723658.812386878
ELEC,BGE - Kenhill Center,2614 Kenhill Dr,,Bowie,MD,20715,,855-900-7584,E,,Public,24 hours daily,,,,,,2,2,,Greenlots,http://greenlots.com/,GPS,38.961512,-76.741338,"12/9/2021, 7:00 PM",192693,2021-12-10 01:30:48 UTC,,,,"7/8/2021, 8:00 PM",,,,,CHADEMO J1772 J1772COMBO,US,,,,Public,,public,,,,,,,,,,,,,,,,,,,,,0,2,2,4,-8542806.66895449,4716159.995326251
ELEC,BGE - Hargrove DC - MCS,700 East Patapsco Ave,,Baltimore,MD,21225,,855-900-7584,E,,Public,24 hours daily,,,,,,4,2,,Greenlots,http://greenlots.com/,GPS,39.236164,-76.599299,"12/9/2021, 7:00 PM",192698,2021-12-10 01:30:48 UTC,,,,"7/8/2021, 8:00 PM",,,,,CHADEMO J1772 J1772COMBO,US,,,,Public,,public,,,,,,,,,,,,,,,,,,,,,0,4,2,6,-8526994.95980171,4755556.717665061
ELEC,BGE - BWI Rideshare Lot,671 Elkridge Landing Rd,,Linthicum Heights,MD,21090,,855-900-7584,E,,Public,24 hours daily,,,,,,,3,,Greenlots,http://greenlots.com/,GPS,39.1907,-76.670388,"12/9/2021, 7:00 PM",192700,2021-12-10 01:30:48 UTC,,,,"7/8/2021, 8:00 PM",,,,,CHADEMO J1772COMBO,US,,,,Public,,public,,,,,,,,,,,,,,,,,,,,,0,0,3,3,-8534908.551082712,4749024.639950253
ELEC,"Walmart 3489 (Rosedale, MD)",6420 PETRIE WAY RD,,Rosedale,MD,21030,,833-632-2778,E,,Public,24 hours daily,,,,,,,4,,Electrify America,https://www.electrifyamerica.com/,GPS,39.335564,-76.490268,"12/9/2021, 7:00 PM",192945,2021-12-10 01:33:45 UTC,,,,"7/16/2021, 8:00 PM",,,,,CHADEMO J1772COMBO,US,,,,Public,,public,,,,,,,,,,,,,,,,,,,,,0,0,4,4,-8514857.684401024,4769852.856331304
ELEC,BGE - Gotts Garage,25 Northwest St,,Annapolis,MD,21401,,855-900-7584,E,,Public,24 hours daily,,,,,,4,1,,Greenlots,http://greenlots.com/,GPS,38.979394,-76.494337,"12/9/2021, 7:00 PM",193210,2021-12-10 01:30:48 UTC,,,,"7/26/2021, 8:00 PM",,,,,CHADEMO J1772 J1772COMBO,US,,,,Public,,public,,,,,,,,,,,,,,,,,,,,,0,4,1,5,-8515310.643409064,4718720.369545914
ELEC,BGE-100 Community Pl,100 Community Pl,,Crownsville,CA,21032,,855-900-7584,E,,Public,24 hours daily,,,,,,2,1,,Greenlots,http://greenlots.com/,GPS,39.025902,-76.607371,"12/9/2021, 7:00 PM",193583,2021-12-10 01:30:48 UTC,,,,"8/6/2021, 8:00 PM",,,,,CHADEMO J1772 J1772COMBO,US,,,,Public,,public,,,,,,,,,,,,,,,,,,,,,0,2,1,3,-8527893.530731386,4725382.491252348
ELEC,TRIPLE S H-D DCFAST HOG,7300 Willie G Ave,,Westover,WV,26501,,888-758-4389,E,,Public,24 hours daily,,,,,,,1,,ChargePoint Network,http://www.chargepoint.com/,GPS,39.659003,-80.013805,"12/9/2021, 7:00 PM",193730,2021-12-10 00:30:15 UTC,,,,"8/10/2021, 8:00 PM",,,,,J1772COMBO,US,,,,Public,,public,,,,,,,,,,,,,,,,,,,,,0,0,1,1,-8907096.029032284,4816512.55486726
ELEC,BGE - Bowie City Hall,15901 Excaliber Rd,,Bowie,MD,20716,,855-900-7584,E,,Public,24 hours daily,,,,,,2,2,,Greenlots,http://greenlots.com/,GPS,38.942715,-76.729955,"12/9/2021, 7:00 PM",194123,2021-12-10 01:30:48 UTC,,,,"8/18/2021, 8:00 PM",,,,,CHADEMO J1772 J1772COMBO,US,,,,Public,,public,,,,,,,,,,,,,,,,,,,,,0,2,2,4,-8541539.519190798,4713469.306448683
ELEC,BGE-Chesapeake Beach,8200 Bayside Rd,,Chesapeake Beach,MD,20732,,855-900-7584,E,,Public,24 hours daily,,,,,,4,2,,Greenlots,http://greenlots.com/,GPS,38.693894,-76.534237,"12/9/2021, 7:00 PM",197791,2021-12-10 01:30:48 UTC,,,,"10/14/2021, 8:00 PM",,,,,CHADEMO J1772 J1772COMBO,US,,,,Public,,public,,,,,,,,,,,,,,,,,,,,,0,4,2,6,-8519752.29109172,4677918.882587425
ELEC,ALMOST HEVEN HD DC FAST HOG,2260 Murphys Run Rd,,Bridgeport,WV,26330,,888-758-4389,E,,Public,24 hours daily,,,,,,,1,,ChargePoint Network,http://www.chargepoint.com/,GPS,39.306427,-80.28076,"12/9/2021, 7:00 PM",197829,2021-12-10 00:30:15 UTC,,,,"10/15/2021, 8:00 PM",,,,,J1772COMBO,US,,,,Public,,public,,,,,,,,,,,,,,,,,,,,,0,0,1,1,-8936813.323697006,4765660.143965296
ELEC,Pepco - Forest Heights Community Park,5508 Shawnee Drive,,Forest Heights,MD,20745,,855-900-7584,E,,Public,24 hours daily,,,,,,,1,,Greenlots,http://greenlots.com/,GPS,38.813582,-76.995668,"12/9/2021, 7:00 PM",197850,2021-12-10 01:30:48 UTC,,,,"10/15/2021, 8:00 PM",,,,,CHADEMO J1772COMBO,US,,,,Public,,public,,,,,,,,,,,,,,,,,,,,,0,0,1,1,-8571118.555047946,4695003.862157166
ELEC,BGE - BCPL Cockeysville,9833 Greenside Dr,,Cockeysville,MD,21030,,855-900-7584,E,,Public,24 hours daily,,,,,,4,2,,Greenlots,http://greenlots.com/,GPS,39.460357,-76.631438,"12/9/2021, 7:00 PM",197896,2021-12-10 01:30:48 UTC,,,,"10/18/2021, 8:00 PM",,,,,CHADEMO J1772 J1772COMBO,US,,,,Public,,public,,,,,,,,,,,,,,,,,,,,,0,4,2,6,-8530572.656916313,4787829.936632879
ELEC,Yorktowne Center,8130 Arlington Blvd,,Falls Church,VA,22042,,877-455-3833,E,,Public,24 hours daily,,,,,,,4,,eVgo Network,https://www.evgo.com/,GPS,38.866055,-77.22523,"12/9/2021, 7:00 PM",198185,2021-12-10 01:28:21 UTC,,,,"10/23/2021, 8:00 PM",,,,,CHADEMO J1772COMBO,US,,,,Public,,public,,,,,,,,,,,,,,,,,,,,,0,0,4,4,-8596673.279993435,4702503.221237645
ELEC,Crosswinds at Annapolis Town Center,1903 Towne Centre Blvd,,Annapolis,MD,21401,,877-455-3833,E,,Public,24 hours daily,,,,,,2,1,,eVgo Network,https://www.evgo.com/,GPS,38.980894,-76.542837,"12/9/2021, 7:00 PM",198228,2021-12-10 01:28:21 UTC,,,,"10/24/2021, 8:00 PM",,,,,CHADEMO J1772 J1772COMBO,US,,,,Public,,public,,,,,,,,,,,,,,,,,,,,,0,2,1,3,-8520709.638712538,4718935.1714078635
ELEC,Sheetz #304,25224 Poland Rd,,Chantilly,VA,20152,,877-455-3833,E,,Public,24 hours daily,,,,,,,4,,eVgo Network,https://www.evgo.com/,GPS,38.9194482,-77.4982189,"12/9/2021, 7:00 PM",198441,2021-12-10 01:28:21 UTC,,,,"10/24/2021, 8:00 PM",,,,,CHADEMO J1772COMBO,US,,,,Public,,public,,,,,,,,,,,,,,,,,,,,,0,0,4,4,-8627062.265333641,4710139.777655117
ELEC,Olney Village Center,18167 Village Center Dr,,Olney,MD,20832,,877-455-3833,E,,Public,24 hours daily,,,,,,1,2,,eVgo Network,https://www.evgo.com/,GPS,39.152581,-77.063608,"12/9/2021, 7:00 PM",198565,2021-12-10 01:28:21 UTC,,,,"10/24/2021, 8:00 PM",,,,,CHADEMO J1772 J1772COMBO,US,,,,Public,,public,,,,,,,,,,,,,,,,,,,,,0,1,2,3,-8578681.601252442,4743551.117481984
ELEC,Newgate Shopping Center,14100 Lee Hwy,,Centreville,VA,20120,,877-455-3833,E,,Public,24 hours daily,,,,,,,2,,eVgo Network,https://www.evgo.com/,GPS,38.839929,-77.432268,"12/9/2021, 7:00 PM",198566,2021-12-10 01:28:21 UTC,,,,"10/24/2021, 8:00 PM",,,,,CHADEMO J1772COMBO,US,,,,Public,,public,,,,,,,,,,,,,,,,,,,,,0,0,2,2,-8619720.64472829,4698768.642949566
ELEC,CityCenterDC,870 9th St NW,,Washington,DC,20001,,877-455-3833,E,,Public,24 hours daily,,,,,,,7,,eVgo Network,https://www.evgo.com/,GPS,38.9017,-77.0241,"12/9/2021, 7:00 PM",198567,2021-12-10 01:28:21 UTC,,,,"10/24/2021, 8:00 PM",,,,,CHADEMO J1772COMBO,US,,,,Public,,public,,,,,,,,,,,,,,,,,,,,,0,0,7,7,-8574283.590810176,4707600.706285059
ELEC,City Market at O,800 P St NW,,Washington,DC,20001,,877-455-3833,E,,Public,24 hours daily,,,,,,1,2,,eVgo Network,https://www.evgo.com/,GPS,38.909186,-77.022814,"12/9/2021, 7:00 PM",198568,2021-12-10 01:28:21 UTC,,,,"10/24/2021, 8:00 PM",,,,,CHADEMO J1772 J1772COMBO,US,,,,Public,,public,,,,,,,,,,,,,,,,,,,,,0,1,2,3,-8574140.433945024,4708671.581882626
ELEC,Gateway Overlook,6630 Marie Curie Dr,,Elkridge,MD,21075,,877-455-3833,E,,Public,24 hours daily,,,,,,1,2,,eVgo Network,https://www.evgo.com/,GPS,39.18765,-76.795483,"12/9/2021, 7:00 PM",198569,2021-12-10 01:28:21 UTC,,,,"10/24/2021, 8:00 PM",,,,,CHADEMO J1772 J1772COMBO,US,,,,Public,,public,,,,,,,,,,,,,,,,,,,,,0,1,2,3,-8548834.0627835,4748586.580000073
ELEC,Dulles Town Center,21076 Dulles Town Cir,,Sterling,VA,20166,,877-455-3833,E,,Public,24 hours daily,,,,,,1,2,,eVgo Network,https://www.evgo.com/,GPS,39.0329,-77.422159,"12/9/2021, 7:00 PM",198570,2021-12-10 01:28:21 UTC,,,,"10/24/2021, 8:00 PM",,,,,CHADEMO J1772 J1772COMBO,US,,,,Public,,public,,,,,,,,,,,,,,,,,,,,,0,1,2,3,-8618595.315995859,4726385.311548457
ELEC,Enchanted Forest Shopping Center,10050 Baltimore National Pike,,Ellicott City,MD,21042,,877-455-3833,E,,Public,24 hours daily,,,,,,1,2,,eVgo Network,https://www.evgo.com/,GPS,39.280617,-76.856956,"12/9/2021, 7:00 PM",198571,2021-12-10 01:28:21 UTC,,,,"10/24/2021, 8:00 PM",,,,,CHADEMO J1772 J1772COMBO,US,,,,Public,,public,,,,,,,,,,,,,,,,,,,,,0,1,2,3,-8555677.205841033,4761947.632987358
ELEC,The Fashion Centre at Pentagon City,1100 S Hayes St,,Arlington,VA,22202,,877-455-3833,E,,Public,24 hours daily,,,,,,1,2,,eVgo Network,https://www.evgo.com/,GPS,38.861479,-77.06185,"12/9/2021, 7:00 PM",198572,2021-12-10 01:28:21 UTC,,,,"10/24/2021, 8:00 PM",,,,,CHADEMO J1772 J1772COMBO,US,,,,Public,,public,,,,,,,,,,,,,,,,,,,,,0,1,2,3,-8578485.90158763,4701849.006298885
ELEC,Leesburg Corner Premium Outlets,241 Fort Evans Rd NE,,Leesburg,VA,20176,,877-455-3833,E,,Public,24 hours daily,,,,,,1,2,,eVgo Network,https://www.evgo.com/,GPS,39.108181,-77.538666,"12/9/2021, 7:00 PM",198573,2021-12-10 01:28:21 UTC,,,,"10/24/2021, 8:00 PM",,,,,CHADEMO J1772 J1772COMBO,US,,,,Public,,public,,,,,,,,,,,,,,,,,,,,,0,1,2,3,-8631564.81590972,4737179.440334439
ELEC,Pike & Rose,11580 Old Georgetown Rd,,Rockville,MD,20852,,877-455-3833,E,,Public,24 hours daily,,,,,,1,2,,eVgo Network,https://www.evgo.com/,GPS,39.050017,-77.115721,"12/9/2021, 7:00 PM",198574,2021-12-10 01:28:21 UTC,,,,"10/24/2021, 8:00 PM",,,,,CHADEMO J1772 J1772COMBO,US,,,,Public,,public,,,,,,,,,,,,,,,,,,,,,0,1,2,3,-8584482.793876154,4728838.6131025255
ELEC,Queenstown Premium Outlets,441 Outlet Center Dr,,Queenstown,MD,21658,,877-455-3833,E,,Public,24 hours daily,,,,,,1,2,,eVgo Network,https://www.evgo.com/,GPS,38.982357,-76.158326,"12/9/2021, 7:00 PM",198575,2021-12-10 01:28:21 UTC,,,,"10/24/2021, 8:00 PM",,,,,CHADEMO J1772 J1772COMBO,US,,,,Public,,public,,,,,,,,,,,,,,,,,,,,,0,1,2,3,-8477906.069988126,4719144.67920766
ELEC,Woodley Gardens Shopping,1101 Nelson St,,Rockville,MD,20850,,877-455-3833,E,,Public,24 hours daily,,,,,,1,1,,eVgo Network,https://www.evgo.com/,GPS,39.09125,-77.174699,"12/9/2021, 7:00 PM",198576,2021-12-10 01:28:21 UTC,,,,"10/24/2021, 8:00 PM",,,,,CHADEMO J1772 J1772COMBO,US,,,,Public,,public,,,,,,,,,,,,,,,,,,,,,0,1,1,2,-8591048.194804158,4734750.793423824
ELEC,St. Charles Towne Center,11110 Mall Cir,,Waldorf,MD,20603,,877-455-3833,E,,Public,24 hours daily,,,,,,,2,,eVgo Network,https://www.evgo.com/,GPS,38.617446,-76.924279,"12/9/2021, 7:00 PM",198577,2021-12-10 01:28:21 UTC,,,,"10/24/2021, 8:00 PM",,,,,CHADEMO J1772COMBO,US,,,,Public,,public,,,,,,,,,,,,,,,,,,,,,0,0,2,2,-8563171.567919705,4667021.197733931
ELEC,Walgreens,939 York Rd,,Towson,MD,21204,,877-455-3833,E,,Public,24 hours daily,,,,,,,2,,eVgo Network,https://www.evgo.com/,GPS,39.40948,-76.60795,"12/9/2021, 7:00 PM",198578,2021-12-10 01:28:21 UTC,,,,"10/24/2021, 8:00 PM",,,,,CHADEMO J1772COMBO,US,,,,Public,,public,,,,,,,,,,,,,,,,,,,,,0,0,2,2,-8527957.98471656,4780496.956614628
ELEC,Stonebridge at Potomac Town Center,15201 Potomac Town Pl,,Woodbridge,VA,22191,,877-455-3833,E,,Public,24 hours daily,,,,,,1,2,,eVgo Network,https://www.evgo.com/,GPS,38.62988,-77.2891,"12/9/2021, 7:00 PM",198579,2021-12-10 01:28:21 UTC,,,,"10/24/2021, 8:00 PM",,,,,CHADEMO J1772 J1772COMBO,US,,,,Public,,public,,,,,,,,,,,,,,,,,,,,,0,1,2,3,-8603783.255870396,4668792.876421012
ELEC,Arundel Mills,7000 Arundel Mills Cir,,Hanover,MD,21076,,877-455-3833,E,,Public,24 hours daily,,,,,,1,2,,eVgo Network,https://www.evgo.com/,GPS,39.154206,-76.724281,"12/9/2021, 7:00 PM",198580,2021-12-10 01:28:21 UTC,,,,"10/24/2021, 8:00 PM",,,,,CHADEMO J1772 J1772COMBO,US,,,,Public,,public,,,,,,,,,,,,,,,,,,,,,0,1,2,3,-8540907.892400032,4743784.391355395
ELEC,Bowie Town Center,15437 Excelsior Dr,,Bowie,MD,20716,,877-455-3833,E,,Public,24 hours daily,,,,,,1,2,,eVgo Network,https://www.evgo.com/,GPS,38.94522,-76.73585,"12/9/2021, 7:00 PM",198581,2021-12-10 01:28:21 UTC,,,,"10/24/2021, 8:00 PM",,,,,CHADEMO J1772 J1772COMBO,US,,,,Public,,public,,,,,,,,,,,,,,,,,,,,,0,1,2,3,-8542195.74758902,4713827.842441209
ELEC,Safeway Arlington #4007,3713 Lee Hwy,,Arlington,VA,22207,,877-455-3833,E,,Public,24 hours daily,,,,,,,4,,eVgo Network,https://www.evgo.com/,GPS,38.8962649,-77.1055814,"12/9/2021, 7:00 PM",198597,2021-12-10 01:28:21 UTC,,,,"10/24/2021, 8:00 PM",,,,,CHADEMO J1772COMBO,US,,,,Public,,public,,,,,,,,,,,,,,,,,,,,,0,0,4,4,-8583354.058767302,4706823.283578455
ELEC,Fairfax Junction,11001 Lee Hwy,,Fairfax,VA,22030,,877-455-3833,E,,Public,24 hours daily,,,,,,,4,,eVgo Network,https://www.evgo.com/,GPS,38.8524966,-77.3248574,"12/9/2021, 7:00 PM",198602,2021-12-10 01:28:21 UTC,,,,"10/24/2021, 8:00 PM",,,,,CHADEMO J1772COMBO,US,,,,Public,,public,,,,,,,,,,,,,,,,,,,,,0,0,4,4,-8607763.75143049,4700564.945970088
ELEC,Penrose Square,2501 9th Rd S,,Arlington,VA,22204,,877-455-3833,E,,Public,24 hours daily,,,,,,,4,,eVgo Network,https://www.evgo.com/,GPS,38.8635,-77.08446,"12/9/2021, 7:00 PM",198632,2021-12-10 01:28:21 UTC,,,,"10/24/2021, 8:00 PM",,,,,CHADEMO J1772COMBO,US,,,,Public,,public,,,,,,,,,,,,,,,,,,,,,0,0,4,4,-8581002.835274465,4702137.936507553
ELEC,Festival at Manchester Lakes,7005 Manchester Blvd,,Alexandria,VA,22310,,877-455-3833,E,,Public,24 hours daily,,,,,,,4,,eVgo Network,https://www.evgo.com/,GPS,38.7655957,-77.154734,"12/9/2021, 7:00 PM",198648,2021-12-10 01:28:21 UTC,,,,"10/24/2021, 8:00 PM",,,,,CHADEMO J1772COMBO,US,,,,Public,,public,,,,,,,,,,,,,,,,,,,,,0,0,4,4,-8588825.701170474,4688150.570189737
ELEC,Hagerstown Premium Outlets,495 Premium Outlets Blvd,,Hagerstown,MD,21740,,877-455-3833,E,,Public,24 hours daily,,,,,,2,2,,eVgo Network,https://www.evgo.com/,GPS,39.609695,-77.733074,"12/9/2021, 7:00 PM",198661,2021-12-10 01:28:21 UTC,,,,"10/24/2021, 8:00 PM",,,,,CHADEMO J1772 J1772COMBO,US,,,,Public,,public,,,,,,,,,,,,,,,,,,,,,0,2,2,4,-8653206.215475852,4809385.271208331
ELEC,Ashburn Village Shopping Center,44110 Ashburn Shopping Plz,,Ashburn,VA,20147,,877-455-3833,E,,Public,24 hours daily,,,,,,1,2,,eVgo Network,https://www.evgo.com/,GPS,39.044952,-77.475057,"12/9/2021, 7:00 PM",198663,2021-12-10 01:28:21 UTC,,,,"10/24/2021, 8:00 PM",,,,,CHADEMO J1772 J1772COMBO,US,,,,Public,,public,,,,,,,,,,,,,,,,,,,,,0,1,2,3,-8624483.89441984,4728112.607827485
ELEC,Union Station (DC),50 Massachusetts Ave NE,,Washington,DC,20002,,877-455-3833,E,,Public,24 hours daily,,,,,,,4,,eVgo Network,https://www.evgo.com/,GPS,38.8979438,-77.0049635,"12/9/2021, 7:00 PM",198664,2021-12-10 01:28:21 UTC,,,,"10/24/2021, 8:00 PM",,,,,CHADEMO J1772COMBO,US,,,,Public,,public,,,,,,,,,,,,,,,,,,,,,0,0,4,4,-8572153.325374616,4707063.422759332
ELEC,Westin Tysons Corner,7801 Leesburg Pike,,Falls Church,VA,22043,,877-455-3833,E,,Public,24 hours daily,,,,,,,2,,eVgo Network,https://www.evgo.com/,GPS,38.907968,-77.215879,"12/9/2021, 7:00 PM",198669,2021-12-10 01:28:21 UTC,,,,"10/24/2021, 8:00 PM",,,,,CHADEMO J1772COMBO,US,,,,Public,,public,,,,,,,,,,,,,,,,,,,,,0,0,2,2,-8595632.331435027,4708497.338754192
ELEC,Ingleside Shopping Center,5646 Baltimore National Pike,,Catonsville,MD,21228,,877-455-3833,E,,Public,24 hours daily,,,,,,2,2,,eVgo Network,https://www.evgo.com/,GPS,39.289273,-76.728268,"12/9/2021, 7:00 PM",198670,2021-12-10 01:28:21 UTC,,,,"10/24/2021, 8:00 PM",,,,,CHADEMO J1772 J1772COMBO,US,,,,Public,,public,,,,,,,,,,,,,,,,,,,,,0,2,2,4,-8541351.723209824,4763192.559713207
ELEC,Market Common Clarendon,"1303 N. Fillmore St., Level 3",,Arlington,VA,22201,,877-455-3833,E,,Public,24 hours daily,,,,,,,2,,eVgo Network,https://www.evgo.com/,GPS,38.888344,-77.093081,"12/9/2021, 7:00 PM",198678,2021-12-10 01:28:21 UTC,,,,"10/24/2021, 8:00 PM",,,,,CHADEMO J1772COMBO,US,,,,Public,,public,,,,,,,,,,,,,,,,,,,,,0,0,2,2,-8581962.520604592,4705690.404972315
ELEC,Bethesda Row,4950 Elm Street,,Bethesda,MD,20814,,877-455-3833,E,,Public,24 hours daily,,,,,,,2,,eVgo Network,https://www.evgo.com/,GPS,38.9803861,-77.1002731,"12/9/2021, 7:00 PM",198680,2021-12-10 01:28:21 UTC,,,,"10/24/2021, 8:00 PM",,,,,CHADEMO J1772COMBO,US,,,,Public,,public,,,,,,,,,,,,,,,,,,,,,0,0,2,2,-8582763.141514326,4718862.438987844
ELEC,Kings Park Shopping Center,8970 Burke Lake Rd,,Springfield,VA,22151,,877-455-3833,E,,Public,24 hours daily,,,,,,,4,,eVgo Network,https://www.evgo.com/,GPS,38.80938,-77.25379,"12/9/2021, 7:00 PM",198686,2021-12-10 01:28:21 UTC,,,,"10/24/2021, 8:00 PM",,,,,CHADEMO J1772COMBO,US,,,,Public,,public,,,,,,,,,,,,,,,,,,,,,0,0,4,4,-8599852.564650489,4694403.5579181835
ELEC,Village Center at Dulles,2445 Centreville Rd,,Herndon,VA,20171,,877-455-3833,E,,Public,24 hours daily,,,,,,,4,,eVgo Network,https://www.evgo.com/,GPS,38.95025,-77.41004,"12/9/2021, 7:00 PM",198688,2021-12-10 01:28:21 UTC,,,,"10/24/2021, 8:00 PM",,,,,CHADEMO J1772COMBO,US,,,,Public,,public,,,,,,,,,,,,,,,,,,,,,0,0,4,4,-8617246.235086938,4714547.815251209
ELEC,Southside Marketplace,825 E Fort Ave,,Baltimore,MD,21230,,877-455-3833,E,,Public,24 hours daily,,,,,,,2,,eVgo Network,https://www.evgo.com/,GPS,39.27169,-76.60193,"12/9/2021, 7:00 PM",198697,2021-12-10 01:28:21 UTC,,,,"10/24/2021, 8:00 PM",,,,,CHADEMO J1772COMBO,US,,,,Public,,public,,,,,,,,,,,,,,,,,,,,,0,0,2,2,-8527287.84138198,4760663.891513102
ELEC,Leisure World Plaza,3836 International Dr,,Silver Spring,MD,20906,,877-455-3833,E,,Public,24 hours daily,,,,,,1,2,,eVgo Network,https://www.evgo.com/,GPS,39.102892,-77.076223,"12/9/2021, 7:00 PM",198748,2021-12-10 01:28:21 UTC,,,,"10/24/2021, 8:00 PM",,,,,CHADEMO J1772 J1772COMBO,US,,,,Public,,public,,,,,,,,,,,,,,,,,,,,,0,1,2,3,-8580085.896628795,4736420.703454994
ELEC,The Shops at Southgate,100 E Fairfax St,,Falls Church,VA,22046,,877-455-3833,E,,Public,24 hours daily,,,,,,,2,,eVgo Network,https://www.evgo.com/,GPS,38.88034,-77.17221,"12/9/2021, 7:00 PM",198883,2021-12-10 01:28:21 UTC,,,,"10/24/2021, 8:00 PM",,,,,CHADEMO J1772COMBO,US,,,,Public,,public,,,,,,,,,,,,,,,,,,,,,0,0,2,2,-8590771.120591577,4704545.769381642
ELEC,Hilltop Village Center,7905 Hilltop Village Center Dr,,Alexandria,VA,22315,,877-455-3833,E,,Public,24 hours daily,,,,,,,4,,eVgo Network,https://www.evgo.com/,GPS,38.742896,-77.162922,"12/9/2021, 7:00 PM",198912,2021-12-10 01:28:21 UTC,,,,"10/24/2021, 8:00 PM",,,,,CHADEMO J1772COMBO,US,,,,Public,,public,,,,,,,,,,,,,,,,,,,,,0,0,4,4,-8589737.185161084,4684910.257756747
ELEC,Annandale Shopping Center,7040 Columbia Pike,,Annandale,VA,22003,,877-455-3833,E,,Public,24 hours daily,,,,,,,2,,eVgo Network,https://www.evgo.com/,GPS,38.8342,-77.18924,"12/9/2021, 7:00 PM",198925,2021-12-10 01:28:21 UTC,,,,"10/24/2021, 8:00 PM",,,,,CHADEMO J1772COMBO,US,,,,Public,,public,,,,,,,,,,,,,,,,,,,,,0,0,2,2,-8592666.891519783,4697949.894981675
ELEC,Tower Shopping Center,6801 Bland St,,Springfield,VA,22150,,877-455-3833,E,,Public,24 hours daily,,,,,,,2,,eVgo Network,https://www.evgo.com/,GPS,38.7808221,-77.1836754,"12/9/2021, 7:00 PM",198934,2021-12-10 01:28:21 UTC,,,,"10/24/2021, 8:00 PM",,,,,CHADEMO J1772COMBO,US,,,,Public,,public,,,,,,,,,,,,,,,,,,,,,0,0,2,2,-8592047.44308131,4690324.669702619
ELEC,Old Keene Mill Shopping Center,8424 Old Keene Mill Rd,,Springfield,VA,22152,,877-455-3833,E,,Public,24 hours daily,,,,,,,4,,eVgo Network,https://www.evgo.com/,GPS,38.7796073,-77.2369353,"12/9/2021, 7:00 PM",198935,2021-12-10 01:28:21 UTC,,,,"10/24/2021, 8:00 PM",,,,,CHADEMO J1772COMBO,US,,,,Public,,public,,,,,,,,,,,,,,,,,,,,,0,0,4,4,-8597976.30802902,4690151.197607048
ELEC,Point 50,10334 Fairfax Blvd,,Fairfax,VA,22030,,877-455-3833,E,,Public,24 hours daily,,,,,,,2,,eVgo Network,https://www.evgo.com/,GPS,38.860838,-77.303935,"12/9/2021, 7:00 PM",198936,2021-12-10 01:28:21 UTC,,,,"10/24/2021, 8:00 PM",,,,,CHADEMO J1772COMBO,US,,,,Public,,public,,,,,,,,,,,,,,,,,,,,,0,0,2,2,-8605434.680516314,4701757.368101485
ELEC,Barcroft Plaza,6345 Columbia Pike,,Falls Church,VA,22041,,877-455-3833,E,,Public,24 hours daily,,,,,,,4,,eVgo Network,https://www.evgo.com/,GPS,38.83684,-77.15629,"12/9/2021, 7:00 PM",198937,2021-12-10 01:28:21 UTC,,,,"10/24/2021, 8:00 PM",,,,,CHADEMO J1772COMBO,US,,,,Public,,public,,,,,,,,,,,,,,,,,,,,,0,0,4,4,-8588998.914298145,4698327.176832922
ELEC,Sheetz #579,11774 Sudley Manor Dr,,Manassas,VA,20109,,877-455-3833,E,,Public,24 hours daily,,,,,,,4,,eVgo Network,https://www.evgo.com/,GPS,38.7834844,-77.5198883,"12/9/2021, 7:00 PM",198946,2021-12-10 01:28:21 UTC,,,,"10/24/2021, 8:00 PM",,,,,CHADEMO J1772COMBO,US,,,,Public,,public,,,,,,,,,,,,,,,,,,,,,0,0,4,4,-8629474.491907438,4690704.85353148
ELEC,Safeway Mclean #1920,1688 Anderson Rd,,McLean,VA,22102,,877-455-3833,E,,Public,24 hours daily,,,,,,,4,,eVgo Network,https://www.evgo.com/,GPS,38.922475,-77.20139,"12/9/2021, 7:00 PM",198950,2021-12-10 01:28:21 UTC,,,,"10/24/2021, 8:00 PM",,,,,CHADEMO J1772COMBO,US,,,,Public,,public,,,,,,,,,,,,,,,,,,,,,0,0,4,4,-8594019.423332917,4710572.857411221
ELEC,Eden Center,6763 Wilson Blvd,,Falls Church,VA,22044,,877-455-3833,E,,Public,24 hours daily,,,,,,,2,,eVgo Network,https://www.evgo.com/,GPS,38.87371,-77.15279,"12/9/2021, 7:00 PM",198953,2021-12-10 01:28:21 UTC,,,,"10/24/2021, 8:00 PM",,,,,CHADEMO J1772COMBO,US,,,,Public,,public,,,,,,,,,,,,,,,,,,,,,0,0,2,2,-8588609.296080368,4703597.724337228
ELEC,Sheetz #606,2500 Caton Hill Rd,,Woodbridge,VA,22192,,877-455-3833,E,,Public,24 hours daily,,,,,,,4,,eVgo Network,https://www.evgo.com/,GPS,38.656564,-77.29006,"12/9/2021, 7:00 PM",199000,2021-12-10 01:28:21 UTC,,,,"10/24/2021, 8:00 PM",,,,,CHADEMO J1772COMBO,US,,,,Public,,public,,,,,,,,,,,,,,,,,,,,,0,0,4,4,-8603890.12258156,4672596.027067393
ELEC,Pan Am Shopping Center,3089 Nutley St,,Fairfax,VA,22031,,877-455-3833,E,,Public,24 hours daily,,,,,,,4,,eVgo Network,https://www.evgo.com/,GPS,38.8702,-77.2616,"12/9/2021, 7:00 PM",199003,2021-12-10 01:28:21 UTC,,,,"10/24/2021, 8:00 PM",,,,,CHADEMO J1772COMBO,US,,,,Public,,public,,,,,,,,,,,,,,,,,,,,,0,0,4,4,-8600721.969873581,4703095.853940412
ELEC,Cadence at Crown,113 Ellington Blvd,,Gaithersburg,MD,20878,,877-455-3833,E,,Public,24 hours daily,,,,,,,2,,eVgo Network,https://www.evgo.com/,GPS,39.115519,-77.204474,"12/9/2021, 7:00 PM",199011,2021-12-10 01:28:21 UTC,,,,"10/24/2021, 8:00 PM",,,,,CHADEMO J1772COMBO,US,,,,Public,,public,,,,,,,,,,,,,,,,,,,,,0,0,2,2,-8594362.732642524,4738232.212121695
ELEC,The Loren,6410 Arlington Blvd,,Falls Church,VA,22042,,877-455-3833,E,,Public,24 hours daily,,,,,,2,1,,eVgo Network,https://www.evgo.com/,GPS,38.872377,-77.161353,"12/9/2021, 7:00 PM",199012,2021-12-10 01:28:21 UTC,,,,"10/24/2021, 8:00 PM",,,,,CHADEMO J1772 J1772COMBO,US,,,,Public,,public,,,,,,,,,,,,,,,,,,,,,0,2,1,3,-8589562.524880035,4703407.125054024
ELEC,Pike 7 Plaza- A1,8350 Leesburg Pike,,Vienna,VA,22182,,877-455-3833,E,,Public,24 hours daily,,,,,,,4,,eVgo Network,https://www.evgo.com/,GPS,38.921778,-77.236743,"12/9/2021, 7:00 PM",199013,2021-12-10 01:28:21 UTC,,,,"10/24/2021, 8:00 PM",,,,,CHADEMO J1772COMBO,US,,,,Public,,public,,,,,,,,,,,,,,,,,,,,,0,0,4,4,-8597954.901290936,4710473.127813689
ELEC,Mount Vernon Plaza,7694 Richmond Hwy,,Alexandria,VA,22306,,877-455-3833,E,,Public,24 hours daily,,,,,,,4,,eVgo Network,https://www.evgo.com/,GPS,38.7498137,-77.0864703,"12/9/2021, 7:00 PM",199015,2021-12-10 01:28:21 UTC,,,,"10/24/2021, 8:00 PM",,,,,CHADEMO J1772COMBO,US,,,,Public,,public,,,,,,,,,,,,,,,,,,,,,0,0,4,4,-8581226.620846806,4685897.629018143
ELEC,Nottingham Commons,5267 Cambell Blvd,,Nottingham,MD,21236,,877-455-3833,E,,Public,24 hours daily,,,,,,,6,,eVgo Network,https://www.evgo.com/,GPS,39.368397,-76.452257,"12/9/2021, 7:00 PM",199031,2021-12-10 01:28:21 UTC,,,,"10/24/2021, 8:00 PM",,,,,CHADEMO J1772COMBO,US,,,,Public,,public,,,,,,,,,,,,,,,,,,,,,0,0,6,6,-8510626.319236482,4774579.504619546
ELEC,Courtyard Marriott - Silver Spring North,12521 Prosperity Dr,,Silver Spring,MD,20904,,877-455-3833,E,,Public,24 hours daily,,,,,,,6,,eVgo Network,https://www.evgo.com/,GPS,39.061086,-76.96003,"12/9/2021, 7:00 PM",199033,2021-12-10 01:28:21 UTC,,,,"10/24/2021, 8:00 PM",,,,,CHADEMO J1772COMBO,US,,,,Public,,public,,,,,,,,,,,,,,,,,,,,,0,0,6,6,-8567151.351035058,4730425.3989634365
ELEC,Pepco - Clinton Park and Ride,9000 Stuart Lane,,Clinton,MD,20735,,855-900-7584,E,,Public,24 hours daily,,,,,,,1,,Greenlots,http://greenlots.com/,GPS,38.766034,-76.885081,"12/9/2021, 7:00 PM",199104,2021-12-10 01:30:48 UTC,,,,"10/25/2021, 8:00 PM",,,,,CHADEMO J1772COMBO,US,,,,Public,,public,,,,,,,,,,,,,,,,,,,,,0,0,1,1,-8558808.06651959,4688213.146310814
ELEC,FREEDOM KIA FAST DC CHARGER,601 Mary Jane Wood Circle,,Morgantown,WV,26501,,888-758-4389,E,,Public,24 hours daily,,,,,,,1,,ChargePoint Network,http://www.chargepoint.com/,GPS,39.638846,-79.997278,"12/9/2021, 7:00 PM",199168,2021-12-10 00:30:15 UTC,,,,"10/26/2021, 8:00 PM",,,,,J1772COMBO,US,,,,Public,,public,,,,,,,,,,,,,,,,,,,,,0,0,1,1,-8905256.251807945,4813598.323299415
ELEC,"Walmart 3639 (Dulles, VA)",24635 Dulles Landing Dr,,Dulles,VA,20166,,833-632-2778,E,,Public,24 hours daily,,,,,,,4,,Electrify America,https://www.electrifyamerica.com/,GPS,38.935027,-77.522058,"12/9/2021, 7:00 PM",199182,2021-12-10 01:33:45 UTC,,,,"10/26/2021, 8:00 PM",,,,,CHADEMO J1772COMBO,US,,,,Public,,public,,,,,,,,,,,,,,,,,,,,,0,0,4,4,-8629716.021806622,4712369.016393229
ELEC,"Target T1045 (Owings Mills, MD)",11200 Reisterstown Rd,,Owings Mills,MD,21117,,833-632-2778,E,,Public,24 hours daily,,,,,,,4,,Electrify America,https://www.electrifyamerica.com/,GPS,39.433497,-76.797854,"12/9/2021, 7:00 PM",199189,2021-12-10 01:33:45 UTC,,,,"10/26/2021, 8:00 PM",,,,,CHADEMO J1772COMBO,US,,,,Public,,public,,,,,,,,,,,,,,,,,,,,,0,0,4,4,-8549098.001296166,4783957.896350846
ELEC,Pike & Rose,11580 Old Georgetown Rd,,Rockville,MD,20852,,877-455-3833,E,,Public,24 hours daily,,,,,,,4,,eVgo Network,https://www.evgo.com/,GPS,39.04898,-77.11771,"12/9/2021, 7:00 PM",200754,2021-12-10 01:28:21 UTC,,,,"11/8/2021, 7:00 PM",,,,,CHADEMO J1772COMBO,US,,,,Public,,public,,,,,,,,,,,,,,,,,,,,,0,0,4,4,-8584704.208343342,4728689.96770525
ELEC,BGE - Honeygo Park,9033 Honeygo Blvd,,Perry Hall,MD,21128,,855-900-7584,E,,Public,24 hours daily,,,,,,4,1,,Greenlots,http://greenlots.com/,GPS,39.396147,-76.451112,"12/9/2021, 7:00 PM",201249,2021-12-10 01:30:48 UTC,,,,"11/16/2021, 7:00 PM",,,,,CHADEMO J1772 J1772COMBO,US,,,,Public,,public,,,,,,,,,,,,,,,,,,,,,0,4,1,5,-8510498.858419525,4778576.13590733
ELEC,SMECO - Charlotte Hall Library,37600 New Market Rd.,,Charlotte Hall,MD,20622,,855-900-7584,E,,Public,24 hours daily,,,,,,,1,,Greenlots,http://greenlots.com/,GPS,38.473331,-76.776321,"12/9/2021, 7:00 PM",201539,2021-12-10 01:30:48 UTC,,,,"11/22/2021, 7:00 PM",,,,,CHADEMO J1772COMBO,US,,,,Public,,public,,,,,,,,,,,,,,,,,,,,,0,0,1,1,-8546700.958700914,4646509.095596753
ELEC,BGE - DHR Harford DSS,2 S Bond St,,Bel Air,MD,21014,,855-900-7584,E,,Public,24 hours daily,,,,,,6,1,,Greenlots,http://greenlots.com/,GPS,39.53538,-76.35084,"12/9/2021, 7:00 PM",201914,2021-12-10 01:30:48 UTC,,,,"12/1/2021, 7:00 PM",,,,,CHADEMO J1772 J1772COMBO,US,,,,Public,,public,,,,,,,,,,,,,,,,,,,,,0,6,1,7,-8499336.630438702,4798652.903714031
ELEC,SMECO - Capitol Clubhouse,3033 Waldorf Market Place,,Waldorf,MD,20603,,855-900-7584,E,,Public,24 hours daily,,,,,,,1,,Greenlots,http://greenlots.com/,GPS,38.62572,-76.91767,"12/9/2021, 7:00 PM",202051,2021-12-10 01:30:48 UTC,,,,"12/3/2021, 7:00 PM",,,,,CHADEMO J1772COMBO,US,,,,Public,,public,,,,,,,,,,,,,,,,,,,,,0,0,1,1,-8562435.857405052,4668200.097867906
ELEC,POHANKA HYUNDAI CPE250,1770 Ritchie Station Ct,,Forestville,MD,20747,,888-758-4389,E,,Public,24 hours daily,,,,,,,1,,ChargePoint Network,http://www.chargepoint.com/,GPS,38.865175,-76.848066,"12/9/2021, 7:00 PM",202150,2021-12-10 00:30:15 UTC,,,,"12/7/2021, 7:00 PM",,,,,CHADEMO J1772COMBO,US,,,,Public,,public,,,,,,,,,,,,,,,,,,,,,0,0,1,1,-8554687.575567875,4702377.407402374
ELEC,DARCARSKIA DARCARS KIA FRE,5826 Urbana Pike,,Frederick,MD,21704,,888-758-4389,E,,Public,24 hours daily,,,,,,,1,,ChargePoint Network,http://www.chargepoint.com/,GPS,39.392701,-77.406428,"12/9/2021, 7:00 PM",202312,2021-12-10 00:30:15 UTC,,,,"12/9/2021, 7:00 PM",,,,,J1772COMBO,US,,,,Public,,public,,,,,,,,,,,,,,,,,,,,,0,0,1,1,-8616844.149086196,4778079.747090265
ELEC,POTOMAC EDISON FROSTBURG DC 1,65 E Main St,,Frostburg,MD,21532,,888-758-4389,E,,Public,24 hours daily,,,,,,,1,,ChargePoint Network,http://www.chargepoint.com/,GPS,39.656334,-78.926924,"12/9/2021, 7:00 PM",202340,2021-12-10 00:30:15 UTC,,,,"12/9/2021, 7:00 PM",,,,,CHADEMO J1772COMBO,US,,,,Public,,public,,,,,,,,,,,,,,,,,,,,,0,0,1,1,-8786104.989559395,4816126.630975917
ELEC,POTOMAC EDISON FROSTBURG DC 2,65 E Main St,,Frostburg,MD,21532,,888-758-4389,E,,Public,24 hours daily,,,,,,,1,,ChargePoint Network,http://www.chargepoint.com/,GPS,39.656334,-78.92702,"12/9/2021, 7:00 PM",202341,2021-12-10 00:30:15 UTC,,,,"12/9/2021, 7:00 PM",,,,,CHADEMO J1772COMBO,US,,,,Public,,public,,,,,,,,,,,,,,,,,,,,,0,0,1,1,-8786115.676230514,4816126.630975917
ELEC,"Target T1003 (Glen Burnie, MD)",7951 Nolpark Ct,,Glen Burnier,MD,21061,,833-632-2778,E,,Public,24 hours daily,,,,,,,4,,Electrify America,https://www.electrifyamerica.com/,GPS,39.132674,-76.633871,"12/9/2021, 7:00 PM",202347,2021-12-10 01:33:45 UTC,,,,"12/9/2021, 7:00 PM",,,,,J1772COMBO,US,,,,Public,,public,,,,,,,,,,,,,,,,,,,,,0,0,4,4,-8530843.497237412,4740693.841932841
